Key,PackageDetails,PackageDelete
2015-02-01T00:00:00.0000000+00:00,53950,0
2015-02-02T00:00:00.0000000+00:00,39760,0
2015-02-03T00:00:00.0000000+00:00,89296,0
2015-02-04T00:00:00.0000000+00:00,60855,0
2015-02-05T00:00:00.0000000+00:00,61673,0
2015-02-06T00:00:00.0000000+00:00,48938,0
2015-02-07T00:00:00.0000000+00:00,53560,0
2015-02-08T00:00:00.0000000+00:00,8605,0
2015-02-09T00:00:00.0000000+00:00,1270,0
2015-02-12T00:00:00.0000000+00:00,3118,0
2015-02-13T00:00:00.0000000+00:00,897,0
2015-02-14T00:00:00.0000000+00:00,499,0
2015-02-15T00:00:00.0000000+00:00,452,0
2015-02-16T00:00:00.0000000+00:00,1366,0
2015-02-17T00:00:00.0000000+00:00,661,0
2015-02-18T00:00:00.0000000+00:00,846,0
2015-02-19T00:00:00.0000000+00:00,767,0
2015-02-20T00:00:00.0000000+00:00,1123,0
2015-02-21T00:00:00.0000000+00:00,477,0
2015-02-22T00:00:00.0000000+00:00,480,0
2015-02-23T00:00:00.0000000+00:00,764,0
2015-02-24T00:00:00.0000000+00:00,753,0
2015-02-25T00:00:00.0000000+00:00,832,0
2015-02-26T00:00:00.0000000+00:00,784,0
2015-02-27T00:00:00.0000000+00:00,632,0
2015-02-28T00:00:00.0000000+00:00,467,0
2015-03-01T00:00:00.0000000+00:00,378,0
2015-03-02T00:00:00.0000000+00:00,803,0
2015-03-03T00:00:00.0000000+00:00,900,0
2015-03-04T00:00:00.0000000+00:00,895,0
2015-03-05T00:00:00.0000000+00:00,942,0
2015-03-06T00:00:00.0000000+00:00,773,0
2015-03-07T00:00:00.0000000+00:00,477,0
2015-03-08T00:00:00.0000000+00:00,562,0
2015-03-09T00:00:00.0000000+00:00,886,0
2015-03-10T00:00:00.0000000+00:00,887,0
2015-03-11T00:00:00.0000000+00:00,939,0
2015-03-12T00:00:00.0000000+00:00,1663,0
2015-03-13T00:00:00.0000000+00:00,626,0
2015-03-14T00:00:00.0000000+00:00,800,0
2015-03-15T00:00:00.0000000+00:00,638,0
2015-03-16T00:00:00.0000000+00:00,706,0
2015-03-17T00:00:00.0000000+00:00,824,0
2015-03-18T00:00:00.0000000+00:00,601,0
2015-03-19T00:00:00.0000000+00:00,760,0
2015-03-20T00:00:00.0000000+00:00,846,0
2015-03-21T00:00:00.0000000+00:00,390,0
2015-03-22T00:00:00.0000000+00:00,600,0
2015-03-23T00:00:00.0000000+00:00,906,0
2015-03-24T00:00:00.0000000+00:00,805,0
2015-03-25T00:00:00.0000000+00:00,953,0
2015-03-26T00:00:00.0000000+00:00,863,0
2015-03-27T00:00:00.0000000+00:00,876,0
2015-03-28T00:00:00.0000000+00:00,500,0
2015-03-29T00:00:00.0000000+00:00,391,0
2015-03-30T00:00:00.0000000+00:00,790,0
2015-03-31T00:00:00.0000000+00:00,753,0
2015-04-01T00:00:00.0000000+00:00,965,0
2015-04-02T00:00:00.0000000+00:00,701,0
2015-04-03T00:00:00.0000000+00:00,618,0
2015-04-04T00:00:00.0000000+00:00,487,0
2015-04-05T00:00:00.0000000+00:00,388,0
2015-04-06T00:00:00.0000000+00:00,664,0
2015-04-07T00:00:00.0000000+00:00,1922,0
2015-04-08T00:00:00.0000000+00:00,607,0
2015-04-09T00:00:00.0000000+00:00,929,0
2015-04-10T00:00:00.0000000+00:00,708,0
2015-04-11T00:00:00.0000000+00:00,394,0
2015-04-12T00:00:00.0000000+00:00,491,0
2015-04-13T00:00:00.0000000+00:00,690,0
2015-04-14T00:00:00.0000000+00:00,734,0
2015-04-16T00:00:00.0000000+00:00,1569,0
2015-04-17T00:00:00.0000000+00:00,1219,0
2015-04-18T00:00:00.0000000+00:00,557,0
2015-04-19T00:00:00.0000000+00:00,573,0
2015-04-20T00:00:00.0000000+00:00,655,0
2015-04-21T00:00:00.0000000+00:00,1440,0
2015-04-22T00:00:00.0000000+00:00,1056,0
2015-04-23T00:00:00.0000000+00:00,825,0
2015-04-24T00:00:00.0000000+00:00,810,0
2015-04-27T00:00:00.0000000+00:00,2245,0
2015-04-28T00:00:00.0000000+00:00,910,0
2015-04-29T00:00:00.0000000+00:00,1449,0
2015-04-30T00:00:00.0000000+00:00,653,0
2015-05-01T00:00:00.0000000+00:00,927,0
2015-05-02T00:00:00.0000000+00:00,58,0
2015-05-04T00:00:00.0000000+00:00,2044,0
2015-05-05T00:00:00.0000000+00:00,637,0
2015-05-06T00:00:00.0000000+00:00,728,0
2015-05-07T00:00:00.0000000+00:00,925,0
2015-05-08T00:00:00.0000000+00:00,575,0
2015-05-09T00:00:00.0000000+00:00,334,0
2015-05-10T00:00:00.0000000+00:00,293,0
2015-05-11T00:00:00.0000000+00:00,553,0
2015-05-12T00:00:00.0000000+00:00,860,0
2015-05-13T00:00:00.0000000+00:00,733,0
2015-05-14T00:00:00.0000000+00:00,735,0
2015-05-15T00:00:00.0000000+00:00,1047,0
2015-05-16T00:00:00.0000000+00:00,679,0
2015-05-17T00:00:00.0000000+00:00,499,0
2015-05-18T00:00:00.0000000+00:00,1037,0
2015-05-19T00:00:00.0000000+00:00,558,0
2015-05-20T00:00:00.0000000+00:00,823,0
2015-05-21T00:00:00.0000000+00:00,705,0
2015-05-22T00:00:00.0000000+00:00,912,0
2015-05-23T00:00:00.0000000+00:00,500,0
2015-05-24T00:00:00.0000000+00:00,468,0
2015-05-25T00:00:00.0000000+00:00,241,0
2015-05-26T00:00:00.0000000+00:00,1216,0
2015-05-27T00:00:00.0000000+00:00,847,0
2015-05-28T00:00:00.0000000+00:00,768,0
2015-05-29T00:00:00.0000000+00:00,950,0
2015-05-30T00:00:00.0000000+00:00,645,0
2015-05-31T00:00:00.0000000+00:00,1189,0
2015-06-01T00:00:00.0000000+00:00,1727,0
2015-06-02T00:00:00.0000000+00:00,652,0
2015-06-03T00:00:00.0000000+00:00,796,0
2015-06-04T00:00:00.0000000+00:00,930,0
2015-06-05T00:00:00.0000000+00:00,668,0
2015-06-06T00:00:00.0000000+00:00,284,0
2015-06-07T00:00:00.0000000+00:00,578,0
2015-06-08T00:00:00.0000000+00:00,754,0
2015-06-09T00:00:00.0000000+00:00,975,0
2015-06-10T00:00:00.0000000+00:00,711,0
2015-06-11T00:00:00.0000000+00:00,674,0
2015-06-12T00:00:00.0000000+00:00,685,0
2015-06-13T00:00:00.0000000+00:00,333,0
2015-06-14T00:00:00.0000000+00:00,331,0
2015-06-15T00:00:00.0000000+00:00,703,0
2015-06-16T00:00:00.0000000+00:00,554,0
2015-06-17T00:00:00.0000000+00:00,942,0
2015-06-18T00:00:00.0000000+00:00,706,0
2015-06-19T00:00:00.0000000+00:00,660,0
2015-06-20T00:00:00.0000000+00:00,292,0
2015-06-21T00:00:00.0000000+00:00,360,0
2015-06-22T00:00:00.0000000+00:00,981,0
2015-06-23T00:00:00.0000000+00:00,787,0
2015-06-24T00:00:00.0000000+00:00,790,0
2015-06-25T00:00:00.0000000+00:00,754,0
2015-06-26T00:00:00.0000000+00:00,591,0
2015-06-27T00:00:00.0000000+00:00,379,0
2015-06-28T00:00:00.0000000+00:00,331,0
2015-06-29T00:00:00.0000000+00:00,629,0
2015-06-30T00:00:00.0000000+00:00,1092,0
2015-07-01T00:00:00.0000000+00:00,906,0
2015-07-02T00:00:00.0000000+00:00,886,0
2015-07-03T00:00:00.0000000+00:00,749,0
2015-07-04T00:00:00.0000000+00:00,272,0
2015-07-05T00:00:00.0000000+00:00,353,0
2015-07-06T00:00:00.0000000+00:00,769,0
2015-07-07T00:00:00.0000000+00:00,917,0
2015-07-08T00:00:00.0000000+00:00,759,0
2015-07-09T00:00:00.0000000+00:00,822,0
2015-07-10T00:00:00.0000000+00:00,663,0
2015-07-11T00:00:00.0000000+00:00,549,0
2015-07-12T00:00:00.0000000+00:00,601,0
2015-07-13T00:00:00.0000000+00:00,1232,0
2015-07-14T00:00:00.0000000+00:00,1166,0
2015-07-15T00:00:00.0000000+00:00,1262,0
2015-07-16T00:00:00.0000000+00:00,1140,0
2015-07-17T00:00:00.0000000+00:00,1108,0
2015-07-18T00:00:00.0000000+00:00,705,0
2015-07-19T00:00:00.0000000+00:00,301,0
2015-07-20T00:00:00.0000000+00:00,1013,0
2015-07-21T00:00:00.0000000+00:00,1046,0
2015-07-22T00:00:00.0000000+00:00,1354,0
2015-07-23T00:00:00.0000000+00:00,1280,0
2015-07-24T00:00:00.0000000+00:00,835,0
2015-07-25T00:00:00.0000000+00:00,348,0
2015-07-26T00:00:00.0000000+00:00,503,0
2015-07-27T00:00:00.0000000+00:00,1262,0
2015-07-28T00:00:00.0000000+00:00,866,0
2015-07-29T00:00:00.0000000+00:00,1474,0
2015-07-30T00:00:00.0000000+00:00,1303,0
2015-07-31T00:00:00.0000000+00:00,912,0
2015-08-01T00:00:00.0000000+00:00,536,0
2015-08-02T00:00:00.0000000+00:00,540,0
2015-08-03T00:00:00.0000000+00:00,719,0
2015-08-04T00:00:00.0000000+00:00,977,0
2015-08-05T00:00:00.0000000+00:00,766,0
2015-08-06T00:00:00.0000000+00:00,1123,0
2015-08-07T00:00:00.0000000+00:00,789,0
2015-08-08T00:00:00.0000000+00:00,626,0
2015-08-09T00:00:00.0000000+00:00,483,0
2015-08-10T00:00:00.0000000+00:00,722,0
2015-08-11T00:00:00.0000000+00:00,961,0
2015-08-12T00:00:00.0000000+00:00,1219,0
2015-08-13T00:00:00.0000000+00:00,1297,0
2015-08-14T00:00:00.0000000+00:00,1098,0
2015-08-15T00:00:00.0000000+00:00,561,0
2015-08-16T00:00:00.0000000+00:00,472,0
2015-08-17T00:00:00.0000000+00:00,874,0
2015-08-18T00:00:00.0000000+00:00,755,0
2015-08-19T00:00:00.0000000+00:00,1053,0
2015-08-20T00:00:00.0000000+00:00,845,0
2015-08-21T00:00:00.0000000+00:00,883,0
2015-08-22T00:00:00.0000000+00:00,332,0
2015-08-23T00:00:00.0000000+00:00,426,0
2015-08-24T00:00:00.0000000+00:00,873,0
2015-08-25T00:00:00.0000000+00:00,900,0
2015-08-26T00:00:00.0000000+00:00,1222,0
2015-08-27T00:00:00.0000000+00:00,965,0
2015-08-28T00:00:00.0000000+00:00,836,0
2015-08-29T00:00:00.0000000+00:00,376,0
2015-08-30T00:00:00.0000000+00:00,891,0
2015-08-31T00:00:00.0000000+00:00,874,0
2015-09-01T00:00:00.0000000+00:00,1835,0
2015-09-02T00:00:00.0000000+00:00,1062,0
2015-09-03T00:00:00.0000000+00:00,1019,0
2015-09-04T00:00:00.0000000+00:00,824,0
2015-09-05T00:00:00.0000000+00:00,491,0
2015-09-06T00:00:00.0000000+00:00,644,0
2015-09-07T00:00:00.0000000+00:00,952,0
2015-09-08T00:00:00.0000000+00:00,1074,0
2015-09-09T00:00:00.0000000+00:00,992,0
2015-09-10T00:00:00.0000000+00:00,844,0
2015-09-11T00:00:00.0000000+00:00,856,0
2015-09-12T00:00:00.0000000+00:00,445,0
2015-09-13T00:00:00.0000000+00:00,556,0
2015-09-14T00:00:00.0000000+00:00,1010,0
2015-09-15T00:00:00.0000000+00:00,791,0
2015-09-16T00:00:00.0000000+00:00,978,0
2015-09-17T00:00:00.0000000+00:00,1012,0
2015-09-18T00:00:00.0000000+00:00,887,0
2015-09-19T00:00:00.0000000+00:00,320,0
2015-09-20T00:00:00.0000000+00:00,485,0
2015-09-21T00:00:00.0000000+00:00,898,0
2015-09-22T00:00:00.0000000+00:00,1163,0
2015-09-23T00:00:00.0000000+00:00,1006,0
2015-09-24T00:00:00.0000000+00:00,875,0
2015-09-25T00:00:00.0000000+00:00,974,0
2015-09-26T00:00:00.0000000+00:00,430,0
2015-09-27T00:00:00.0000000+00:00,469,0
2015-09-28T00:00:00.0000000+00:00,906,0
2015-09-29T00:00:00.0000000+00:00,818,0
2015-09-30T00:00:00.0000000+00:00,1049,0
2015-10-01T00:00:00.0000000+00:00,1031,0
2015-10-02T00:00:00.0000000+00:00,949,0
2015-10-03T00:00:00.0000000+00:00,669,0
2015-10-04T00:00:00.0000000+00:00,4907,0
2015-10-05T00:00:00.0000000+00:00,858,0
2015-10-06T00:00:00.0000000+00:00,1117,0
2015-10-07T00:00:00.0000000+00:00,1000,0
2015-10-08T00:00:00.0000000+00:00,1071,0
2015-10-09T00:00:00.0000000+00:00,767,0
2015-10-10T00:00:00.0000000+00:00,630,0
2015-10-11T00:00:00.0000000+00:00,387,0
2015-10-12T00:00:00.0000000+00:00,845,0
2015-10-13T00:00:00.0000000+00:00,1048,0
2015-10-14T00:00:00.0000000+00:00,1240,0
2015-10-15T00:00:00.0000000+00:00,1742,0
2015-10-16T00:00:00.0000000+00:00,1081,0
2015-10-17T00:00:00.0000000+00:00,493,0
2015-10-18T00:00:00.0000000+00:00,412,0
2015-10-19T00:00:00.0000000+00:00,1092,0
2015-10-20T00:00:00.0000000+00:00,1066,0
2015-10-21T00:00:00.0000000+00:00,912,0
2015-10-22T00:00:00.0000000+00:00,912,0
2015-10-23T00:00:00.0000000+00:00,743,0
2015-10-24T00:00:00.0000000+00:00,536,0
2015-10-25T00:00:00.0000000+00:00,678,0
2015-10-26T00:00:00.0000000+00:00,1006,0
2015-10-27T00:00:00.0000000+00:00,1500,0
2015-10-28T00:00:00.0000000+00:00,1082,15
2015-10-29T00:00:00.0000000+00:00,1118,4
2015-10-30T00:00:00.0000000+00:00,771,1
2015-10-31T00:00:00.0000000+00:00,528,2
2015-11-01T00:00:00.0000000+00:00,588,0
2015-11-02T00:00:00.0000000+00:00,1249,4
2015-11-03T00:00:00.0000000+00:00,928,0
2015-11-04T00:00:00.0000000+00:00,953,0
2015-11-05T00:00:00.0000000+00:00,996,0
2015-11-06T00:00:00.0000000+00:00,874,6
2015-11-07T00:00:00.0000000+00:00,390,0
2015-11-08T00:00:00.0000000+00:00,506,0
2015-11-09T00:00:00.0000000+00:00,823,1
2015-11-10T00:00:00.0000000+00:00,904,1
2015-11-11T00:00:00.0000000+00:00,902,0
2015-11-12T00:00:00.0000000+00:00,1154,0
2015-11-13T00:00:00.0000000+00:00,1007,0
2015-11-14T00:00:00.0000000+00:00,505,0
2015-11-15T00:00:00.0000000+00:00,533,0
2015-11-16T00:00:00.0000000+00:00,1032,0
2015-11-17T00:00:00.0000000+00:00,1149,0
2015-11-18T00:00:00.0000000+00:00,1272,0
2015-11-19T00:00:00.0000000+00:00,987,0
2015-11-20T00:00:00.0000000+00:00,1133,0
2015-11-21T00:00:00.0000000+00:00,486,0
2015-11-22T00:00:00.0000000+00:00,329,0
2015-11-23T00:00:00.0000000+00:00,948,1
2015-11-24T00:00:00.0000000+00:00,1003,22
2015-11-25T00:00:00.0000000+00:00,1133,0
2015-11-26T00:00:00.0000000+00:00,853,0
2015-11-27T00:00:00.0000000+00:00,933,0
2015-11-28T00:00:00.0000000+00:00,727,0
2015-11-29T00:00:00.0000000+00:00,473,0
2015-11-30T00:00:00.0000000+00:00,978,3
2015-12-01T00:00:00.0000000+00:00,1363,0
2015-12-02T00:00:00.0000000+00:00,1340,0
2015-12-03T00:00:00.0000000+00:00,1261,0
2015-12-04T00:00:00.0000000+00:00,850,0
2015-12-05T00:00:00.0000000+00:00,568,0
2015-12-06T00:00:00.0000000+00:00,523,0
2015-12-07T00:00:00.0000000+00:00,956,0
2015-12-08T00:00:00.0000000+00:00,1119,0
2015-12-09T00:00:00.0000000+00:00,1183,0
2015-12-10T00:00:00.0000000+00:00,1611,0
2015-12-11T00:00:00.0000000+00:00,1855,0
2015-12-12T00:00:00.0000000+00:00,824,0
2015-12-13T00:00:00.0000000+00:00,604,0
2015-12-14T00:00:00.0000000+00:00,1290,0
2015-12-15T00:00:00.0000000+00:00,1246,4
2015-12-16T00:00:00.0000000+00:00,964,2
2015-12-17T00:00:00.0000000+00:00,1007,0
2015-12-18T00:00:00.0000000+00:00,971,0
2015-12-19T00:00:00.0000000+00:00,806,2
2015-12-20T00:00:00.0000000+00:00,356,0
2015-12-21T00:00:00.0000000+00:00,672,3
2015-12-22T00:00:00.0000000+00:00,1142,0
2015-12-23T00:00:00.0000000+00:00,1446,0
2015-12-24T00:00:00.0000000+00:00,1118,0
2015-12-25T00:00:00.0000000+00:00,733,0
2015-12-26T00:00:00.0000000+00:00,579,0
2015-12-27T00:00:00.0000000+00:00,618,0
2015-12-28T00:00:00.0000000+00:00,778,0
2015-12-29T00:00:00.0000000+00:00,943,0
2015-12-30T00:00:00.0000000+00:00,690,0
2015-12-31T00:00:00.0000000+00:00,512,2
2016-01-01T00:00:00.0000000+00:00,417,1
2016-01-02T00:00:00.0000000+00:00,442,0
2016-01-03T00:00:00.0000000+00:00,571,0
2016-01-04T00:00:00.0000000+00:00,837,12
2016-01-05T00:00:00.0000000+00:00,1213,0
2016-01-06T00:00:00.0000000+00:00,1504,0
2016-01-07T00:00:00.0000000+00:00,1309,0
2016-01-08T00:00:00.0000000+00:00,1188,6
2016-01-09T00:00:00.0000000+00:00,1039,0
2016-01-10T00:00:00.0000000+00:00,1300,0
2016-01-11T00:00:00.0000000+00:00,1920,0
2016-01-12T00:00:00.0000000+00:00,2155,21
2016-01-13T00:00:00.0000000+00:00,3525,1
2016-01-14T00:00:00.0000000+00:00,4099,0
2016-01-15T00:00:00.0000000+00:00,3979,6
2016-01-16T00:00:00.0000000+00:00,1273,0
2016-01-17T00:00:00.0000000+00:00,720,1
2016-01-18T00:00:00.0000000+00:00,1182,0
2016-01-19T00:00:00.0000000+00:00,1263,0
2016-01-20T00:00:00.0000000+00:00,1323,0
2016-01-21T00:00:00.0000000+00:00,910,0
2016-01-22T00:00:00.0000000+00:00,1116,2
2016-01-23T00:00:00.0000000+00:00,713,0
2016-01-24T00:00:00.0000000+00:00,617,0
2016-01-25T00:00:00.0000000+00:00,1230,0
2016-01-26T00:00:00.0000000+00:00,1153,0
2016-01-27T00:00:00.0000000+00:00,3469,0
2016-01-28T00:00:00.0000000+00:00,1075,12
2016-01-29T00:00:00.0000000+00:00,953,0
2016-01-30T00:00:00.0000000+00:00,462,0
2016-01-31T00:00:00.0000000+00:00,525,0
2016-02-01T00:00:00.0000000+00:00,1284,0
2016-02-02T00:00:00.0000000+00:00,1214,0
2016-02-03T00:00:00.0000000+00:00,1135,0
2016-02-04T00:00:00.0000000+00:00,1142,0
2016-02-05T00:00:00.0000000+00:00,1108,0
2016-02-06T00:00:00.0000000+00:00,513,0
2016-02-07T00:00:00.0000000+00:00,494,0
2016-02-08T00:00:00.0000000+00:00,1083,0
2016-02-09T00:00:00.0000000+00:00,1415,0
2016-02-10T00:00:00.0000000+00:00,870,0
2016-02-11T00:00:00.0000000+00:00,1629,1
2016-02-12T00:00:00.0000000+00:00,1686,3
2016-02-13T00:00:00.0000000+00:00,1063,0
2016-02-14T00:00:00.0000000+00:00,690,0
2016-02-15T00:00:00.0000000+00:00,1094,3
2016-02-16T00:00:00.0000000+00:00,3846,1
2016-02-17T00:00:00.0000000+00:00,1256,0
2016-02-18T00:00:00.0000000+00:00,1027,1
2016-02-19T00:00:00.0000000+00:00,1091,898
2016-02-20T00:00:00.0000000+00:00,740,4
2016-02-21T00:00:00.0000000+00:00,437,0
2016-02-22T00:00:00.0000000+00:00,1367,33
2016-02-23T00:00:00.0000000+00:00,1454,920
2016-02-24T00:00:00.0000000+00:00,819,724
2016-02-25T00:00:00.0000000+00:00,1076,0
2016-02-26T00:00:00.0000000+00:00,1174,6
2016-02-27T00:00:00.0000000+00:00,641,0
2016-02-28T00:00:00.0000000+00:00,661,1
2016-02-29T00:00:00.0000000+00:00,1237,0
2016-03-01T00:00:00.0000000+00:00,1145,0
2016-03-02T00:00:00.0000000+00:00,1008,0
2016-03-03T00:00:00.0000000+00:00,1010,0
2016-03-04T00:00:00.0000000+00:00,1043,0
2016-03-05T00:00:00.0000000+00:00,678,0
2016-03-06T00:00:00.0000000+00:00,594,0
2016-03-07T00:00:00.0000000+00:00,1110,0
2016-03-08T00:00:00.0000000+00:00,990,0
2016-03-09T00:00:00.0000000+00:00,1041,0
2016-03-10T00:00:00.0000000+00:00,1708,3
2016-03-11T00:00:00.0000000+00:00,2161,0
2016-03-12T00:00:00.0000000+00:00,781,0
2016-03-13T00:00:00.0000000+00:00,778,0
2016-03-14T00:00:00.0000000+00:00,1471,1
2016-03-15T00:00:00.0000000+00:00,1295,17
2016-03-16T00:00:00.0000000+00:00,1157,1
2016-03-17T00:00:00.0000000+00:00,4083,3
2016-03-18T00:00:00.0000000+00:00,6281,8
2016-03-19T00:00:00.0000000+00:00,6571,0
2016-03-20T00:00:00.0000000+00:00,5546,0
2016-03-21T00:00:00.0000000+00:00,7573,1
2016-03-22T00:00:00.0000000+00:00,7492,0
2016-03-23T00:00:00.0000000+00:00,1019,9
2016-03-24T00:00:00.0000000+00:00,1060,2
2016-03-25T00:00:00.0000000+00:00,804,0
2016-03-26T00:00:00.0000000+00:00,600,0
2016-03-27T00:00:00.0000000+00:00,617,0
2016-03-28T00:00:00.0000000+00:00,982,6
2016-03-29T00:00:00.0000000+00:00,1290,12
2016-03-30T00:00:00.0000000+00:00,1424,0
2016-03-31T00:00:00.0000000+00:00,1688,3
2016-04-01T00:00:00.0000000+00:00,1094,16
2016-04-02T00:00:00.0000000+00:00,740,0
2016-04-03T00:00:00.0000000+00:00,590,0
2016-04-04T00:00:00.0000000+00:00,962,1
2016-04-05T00:00:00.0000000+00:00,3210,33
2016-04-06T00:00:00.0000000+00:00,1599,0
2016-04-07T00:00:00.0000000+00:00,1321,2
2016-04-08T00:00:00.0000000+00:00,1603,1
2016-04-09T00:00:00.0000000+00:00,625,0
2016-04-10T00:00:00.0000000+00:00,720,0
2016-04-11T00:00:00.0000000+00:00,1140,0
2016-04-12T00:00:00.0000000+00:00,1256,0
2016-04-13T00:00:00.0000000+00:00,1051,5
2016-04-14T00:00:00.0000000+00:00,2771,0
2016-04-15T00:00:00.0000000+00:00,1180,0
2016-04-16T00:00:00.0000000+00:00,477,0
2016-04-17T00:00:00.0000000+00:00,552,0
2016-04-18T00:00:00.0000000+00:00,1259,1
2016-04-19T00:00:00.0000000+00:00,1284,5
2016-04-20T00:00:00.0000000+00:00,1420,3
2016-04-21T00:00:00.0000000+00:00,1058,1
2016-04-22T00:00:00.0000000+00:00,948,28
2016-04-23T00:00:00.0000000+00:00,636,0
2016-04-24T00:00:00.0000000+00:00,646,0
2016-04-25T00:00:00.0000000+00:00,992,5
2016-04-26T00:00:00.0000000+00:00,956,1
2016-04-27T00:00:00.0000000+00:00,1232,1
2016-04-28T00:00:00.0000000+00:00,1091,1
2016-04-29T00:00:00.0000000+00:00,933,0
2016-04-30T00:00:00.0000000+00:00,632,0
2016-05-01T00:00:00.0000000+00:00,732,0
2016-05-02T00:00:00.0000000+00:00,760,3
2016-05-03T00:00:00.0000000+00:00,1046,0
2016-05-04T00:00:00.0000000+00:00,1220,0
2016-05-05T00:00:00.0000000+00:00,871,0
2016-05-06T00:00:00.0000000+00:00,1059,0
2016-05-07T00:00:00.0000000+00:00,466,0
2016-05-08T00:00:00.0000000+00:00,455,0
2016-05-09T00:00:00.0000000+00:00,1058,4
2016-05-10T00:00:00.0000000+00:00,1200,3
2016-05-11T00:00:00.0000000+00:00,881,1
2016-05-12T00:00:00.0000000+00:00,1068,1
2016-05-13T00:00:00.0000000+00:00,1085,26
2016-05-14T00:00:00.0000000+00:00,464,0
2016-05-15T00:00:00.0000000+00:00,445,0
2016-05-16T00:00:00.0000000+00:00,1423,56
2016-05-17T00:00:00.0000000+00:00,1130,1
2016-05-18T00:00:00.0000000+00:00,1314,0
2016-05-19T00:00:00.0000000+00:00,1300,4
2016-05-20T00:00:00.0000000+00:00,1194,1
2016-05-21T00:00:00.0000000+00:00,550,0
2016-05-22T00:00:00.0000000+00:00,588,0
2016-05-23T00:00:00.0000000+00:00,1210,5
2016-05-24T00:00:00.0000000+00:00,1309,19
2016-05-25T00:00:00.0000000+00:00,1394,2
2016-05-26T00:00:00.0000000+00:00,1322,5
2016-05-27T00:00:00.0000000+00:00,2828,0
2016-05-28T00:00:00.0000000+00:00,509,0
2016-05-29T00:00:00.0000000+00:00,505,0
2016-05-30T00:00:00.0000000+00:00,1064,2
2016-05-31T00:00:00.0000000+00:00,1274,6
2016-06-01T00:00:00.0000000+00:00,1380,1
2016-06-02T00:00:00.0000000+00:00,1623,12
2016-06-03T00:00:00.0000000+00:00,1134,7
2016-06-04T00:00:00.0000000+00:00,569,0
2016-06-05T00:00:00.0000000+00:00,668,0
2016-06-06T00:00:00.0000000+00:00,1084,0
2016-06-07T00:00:00.0000000+00:00,1781,0
2016-06-08T00:00:00.0000000+00:00,1274,0
2016-06-09T00:00:00.0000000+00:00,1214,0
2016-06-10T00:00:00.0000000+00:00,965,3
2016-06-11T00:00:00.0000000+00:00,733,0
2016-06-12T00:00:00.0000000+00:00,396,0
2016-06-13T00:00:00.0000000+00:00,1147,0
2016-06-14T00:00:00.0000000+00:00,1585,0
2016-06-15T00:00:00.0000000+00:00,1453,0
2016-06-16T00:00:00.0000000+00:00,1251,16
2016-06-17T00:00:00.0000000+00:00,1363,16
2016-06-18T00:00:00.0000000+00:00,805,0
2016-06-19T00:00:00.0000000+00:00,788,0
2016-06-20T00:00:00.0000000+00:00,1347,0
2016-06-21T00:00:00.0000000+00:00,1449,0
2016-06-22T00:00:00.0000000+00:00,1246,0
2016-06-23T00:00:00.0000000+00:00,1166,0
2016-06-24T00:00:00.0000000+00:00,1199,0
2016-06-25T00:00:00.0000000+00:00,573,0
2016-06-26T00:00:00.0000000+00:00,471,0
2016-06-27T00:00:00.0000000+00:00,1828,0
2016-06-28T00:00:00.0000000+00:00,2121,0
2016-06-29T00:00:00.0000000+00:00,1366,0
2016-06-30T00:00:00.0000000+00:00,1471,0
2016-07-01T00:00:00.0000000+00:00,1582,0
2016-07-02T00:00:00.0000000+00:00,580,0
2016-07-03T00:00:00.0000000+00:00,473,0
2016-07-04T00:00:00.0000000+00:00,1149,0
2016-07-05T00:00:00.0000000+00:00,1512,0
2016-07-06T00:00:00.0000000+00:00,970,0
2016-07-07T00:00:00.0000000+00:00,1425,0
2016-07-08T00:00:00.0000000+00:00,1183,0
2016-07-09T00:00:00.0000000+00:00,595,0
2016-07-10T00:00:00.0000000+00:00,547,0
2016-07-11T00:00:00.0000000+00:00,1051,0
2016-07-12T00:00:00.0000000+00:00,1447,0
2016-07-13T00:00:00.0000000+00:00,1253,0
2016-07-14T00:00:00.0000000+00:00,1414,0
2016-07-15T00:00:00.0000000+00:00,2281,0
2016-07-16T00:00:00.0000000+00:00,954,0
2016-07-17T00:00:00.0000000+00:00,1039,0
2016-07-18T00:00:00.0000000+00:00,1352,0
2016-07-19T00:00:00.0000000+00:00,1416,0
2016-07-20T00:00:00.0000000+00:00,1551,0
2016-07-21T00:00:00.0000000+00:00,1857,0
2016-07-22T00:00:00.0000000+00:00,1384,0
2016-07-23T00:00:00.0000000+00:00,690,0
2016-07-24T00:00:00.0000000+00:00,651,0
2016-07-25T00:00:00.0000000+00:00,895,0
2016-07-26T00:00:00.0000000+00:00,1175,0
2016-07-27T00:00:00.0000000+00:00,1020,0
2016-07-28T00:00:00.0000000+00:00,1282,0
2016-07-29T00:00:00.0000000+00:00,1241,0
2016-07-30T00:00:00.0000000+00:00,638,0
2016-07-31T00:00:00.0000000+00:00,572,0
2016-08-01T00:00:00.0000000+00:00,1060,0
2016-08-02T00:00:00.0000000+00:00,1118,0
2016-08-03T00:00:00.0000000+00:00,1260,0
2016-08-04T00:00:00.0000000+00:00,1426,0
2016-08-05T00:00:00.0000000+00:00,1118,0
2016-08-06T00:00:00.0000000+00:00,491,0
2016-08-07T00:00:00.0000000+00:00,439,0
2016-08-08T00:00:00.0000000+00:00,1329,0
2016-08-09T00:00:00.0000000+00:00,1579,0
2016-08-10T00:00:00.0000000+00:00,1211,0
2016-08-11T00:00:00.0000000+00:00,1724,0
2016-08-12T00:00:00.0000000+00:00,1282,0
2016-08-13T00:00:00.0000000+00:00,477,0
2016-08-14T00:00:00.0000000+00:00,441,0
2016-08-15T00:00:00.0000000+00:00,1048,0
2016-08-16T00:00:00.0000000+00:00,1179,0
2016-08-17T00:00:00.0000000+00:00,1083,0
2016-08-18T00:00:00.0000000+00:00,1236,0
2016-08-19T00:00:00.0000000+00:00,1059,0
2016-08-20T00:00:00.0000000+00:00,592,0
2016-08-21T00:00:00.0000000+00:00,569,0
2016-08-22T00:00:00.0000000+00:00,1247,0
2016-08-23T00:00:00.0000000+00:00,1318,0
2016-08-24T00:00:00.0000000+00:00,1482,0
2016-08-25T00:00:00.0000000+00:00,1132,0
2016-08-26T00:00:00.0000000+00:00,910,0
2016-08-27T00:00:00.0000000+00:00,491,0
2016-08-28T00:00:00.0000000+00:00,653,0
2016-08-29T00:00:00.0000000+00:00,1226,0
2016-08-30T00:00:00.0000000+00:00,934,0
2016-08-31T00:00:00.0000000+00:00,1132,0
2016-09-01T00:00:00.0000000+00:00,1244,0
2016-09-02T00:00:00.0000000+00:00,1276,0
2016-09-03T00:00:00.0000000+00:00,535,0
2016-09-04T00:00:00.0000000+00:00,743,0
2016-09-05T00:00:00.0000000+00:00,967,0
2016-09-06T00:00:00.0000000+00:00,1228,0
2016-09-07T00:00:00.0000000+00:00,1370,0
2016-09-08T00:00:00.0000000+00:00,1466,0
2016-09-09T00:00:00.0000000+00:00,1295,0
2016-09-10T00:00:00.0000000+00:00,590,0
2016-09-11T00:00:00.0000000+00:00,686,0
2016-09-12T00:00:00.0000000+00:00,1479,0
2016-09-13T00:00:00.0000000+00:00,1051,0
2016-09-14T00:00:00.0000000+00:00,1276,0
2016-09-15T00:00:00.0000000+00:00,1051,0
2016-09-16T00:00:00.0000000+00:00,1157,0
2016-09-17T00:00:00.0000000+00:00,596,0
2016-09-18T00:00:00.0000000+00:00,381,0
2016-09-19T00:00:00.0000000+00:00,1239,0
2016-09-20T00:00:00.0000000+00:00,1153,0
2016-09-21T00:00:00.0000000+00:00,1139,0
2016-09-22T00:00:00.0000000+00:00,1040,0
2016-09-23T00:00:00.0000000+00:00,1104,0
2016-09-24T00:00:00.0000000+00:00,420,0
2016-09-25T00:00:00.0000000+00:00,744,0
2016-09-26T00:00:00.0000000+00:00,1104,0
2016-09-27T00:00:00.0000000+00:00,1365,0
2016-09-28T00:00:00.0000000+00:00,1465,0
2016-09-29T00:00:00.0000000+00:00,1469,0
2016-09-30T00:00:00.0000000+00:00,1211,0
2016-10-01T00:00:00.0000000+00:00,440,0
2016-10-02T00:00:00.0000000+00:00,405,0
2016-10-03T00:00:00.0000000+00:00,1649,0
2016-10-04T00:00:00.0000000+00:00,1007,0
2016-10-05T00:00:00.0000000+00:00,1067,0
2016-10-06T00:00:00.0000000+00:00,1612,0
2016-10-07T00:00:00.0000000+00:00,1196,0
2016-10-08T00:00:00.0000000+00:00,561,0
2016-10-09T00:00:00.0000000+00:00,579,0
2016-10-10T00:00:00.0000000+00:00,1163,0
2016-10-11T00:00:00.0000000+00:00,1273,0
2016-10-12T00:00:00.0000000+00:00,1319,0
2016-10-13T00:00:00.0000000+00:00,1626,0
2016-10-14T00:00:00.0000000+00:00,1118,0
2016-10-15T00:00:00.0000000+00:00,655,0
2016-10-16T00:00:00.0000000+00:00,689,0
2016-10-17T00:00:00.0000000+00:00,1327,0
2016-10-18T00:00:00.0000000+00:00,1237,0
2016-10-19T00:00:00.0000000+00:00,1520,0
2016-10-20T00:00:00.0000000+00:00,1677,0
2016-10-21T00:00:00.0000000+00:00,1169,0
2016-10-22T00:00:00.0000000+00:00,558,0
2016-10-23T00:00:00.0000000+00:00,619,0
2016-10-24T00:00:00.0000000+00:00,1916,0
2016-10-25T00:00:00.0000000+00:00,1783,0
2016-10-26T00:00:00.0000000+00:00,1493,0
2016-10-27T00:00:00.0000000+00:00,1512,0
2016-10-28T00:00:00.0000000+00:00,1132,0
2016-10-29T00:00:00.0000000+00:00,583,0
2016-10-30T00:00:00.0000000+00:00,967,0
2016-10-31T00:00:00.0000000+00:00,1160,0
2016-11-01T00:00:00.0000000+00:00,1814,0
2016-11-02T00:00:00.0000000+00:00,1275,0
2016-11-03T00:00:00.0000000+00:00,1210,0
2016-11-04T00:00:00.0000000+00:00,1156,0
2016-11-05T00:00:00.0000000+00:00,857,0
2016-11-06T00:00:00.0000000+00:00,449,0
2016-11-07T00:00:00.0000000+00:00,1263,0
2016-11-08T00:00:00.0000000+00:00,1425,0
2016-11-09T00:00:00.0000000+00:00,1315,0
2016-11-10T00:00:00.0000000+00:00,1308,354
2016-11-11T00:00:00.0000000+00:00,1391,6
2016-11-12T00:00:00.0000000+00:00,687,0
2016-11-13T00:00:00.0000000+00:00,618,0
2016-11-14T00:00:00.0000000+00:00,1163,0
2016-11-15T00:00:00.0000000+00:00,1688,0
2016-11-16T00:00:00.0000000+00:00,2204,2
2016-11-17T00:00:00.0000000+00:00,1860,5
2016-11-18T00:00:00.0000000+00:00,2039,0
2016-11-19T00:00:00.0000000+00:00,600,0
2016-11-20T00:00:00.0000000+00:00,639,0
2016-11-21T00:00:00.0000000+00:00,2123,12
2016-11-22T00:00:00.0000000+00:00,1637,3
2016-11-23T00:00:00.0000000+00:00,1503,1
2016-11-24T00:00:00.0000000+00:00,1183,0
2016-11-25T00:00:00.0000000+00:00,1160,0
2016-11-26T00:00:00.0000000+00:00,301,0
2016-11-27T00:00:00.0000000+00:00,660,0
2016-11-28T00:00:00.0000000+00:00,1102,12
2016-11-29T00:00:00.0000000+00:00,1377,8
2016-11-30T00:00:00.0000000+00:00,1463,10
2016-12-01T00:00:00.0000000+00:00,1250,0
2016-12-02T00:00:00.0000000+00:00,1044,0
2016-12-03T00:00:00.0000000+00:00,969,0
2016-12-04T00:00:00.0000000+00:00,607,0
2016-12-05T00:00:00.0000000+00:00,1586,1
2016-12-06T00:00:00.0000000+00:00,1480,6
2016-12-07T00:00:00.0000000+00:00,1449,0
2016-12-08T00:00:00.0000000+00:00,1566,1
2016-12-09T00:00:00.0000000+00:00,1446,0
2016-12-10T00:00:00.0000000+00:00,630,0
2016-12-11T00:00:00.0000000+00:00,553,0
2016-12-12T00:00:00.0000000+00:00,1313,0
2016-12-13T00:00:00.0000000+00:00,2289,0
2016-12-14T00:00:00.0000000+00:00,3062,0
2016-12-15T00:00:00.0000000+00:00,1511,6
2016-12-16T00:00:00.0000000+00:00,1302,0
2016-12-17T00:00:00.0000000+00:00,621,0
2016-12-18T00:00:00.0000000+00:00,563,0
2016-12-19T00:00:00.0000000+00:00,1158,1
2016-12-20T00:00:00.0000000+00:00,1403,0
2016-12-21T00:00:00.0000000+00:00,1504,1
2016-12-22T00:00:00.0000000+00:00,1276,0
2016-12-23T00:00:00.0000000+00:00,1183,2
2016-12-24T00:00:00.0000000+00:00,394,0
2016-12-25T00:00:00.0000000+00:00,408,0
2016-12-26T00:00:00.0000000+00:00,911,0
2016-12-27T00:00:00.0000000+00:00,758,3
2016-12-28T00:00:00.0000000+00:00,909,0
2016-12-29T00:00:00.0000000+00:00,1030,0
2016-12-30T00:00:00.0000000+00:00,898,2
2016-12-31T00:00:00.0000000+00:00,419,0
2017-01-01T00:00:00.0000000+00:00,336,0
2017-01-02T00:00:00.0000000+00:00,810,14
2017-01-03T00:00:00.0000000+00:00,1212,8
2017-01-04T00:00:00.0000000+00:00,1292,1
2017-01-05T00:00:00.0000000+00:00,1476,15
2017-01-06T00:00:00.0000000+00:00,1478,19
2017-01-07T00:00:00.0000000+00:00,549,0
2017-01-08T00:00:00.0000000+00:00,896,0
2017-01-09T00:00:00.0000000+00:00,1238,1
2017-01-10T00:00:00.0000000+00:00,1544,29
2017-01-11T00:00:00.0000000+00:00,1241,4
2017-01-12T00:00:00.0000000+00:00,1125,23
2017-01-13T00:00:00.0000000+00:00,1105,32
2017-01-14T00:00:00.0000000+00:00,552,13
2017-01-15T00:00:00.0000000+00:00,677,0
2017-01-16T00:00:00.0000000+00:00,1214,0
2017-01-17T00:00:00.0000000+00:00,1403,6
2017-01-18T00:00:00.0000000+00:00,1324,8
2017-01-19T00:00:00.0000000+00:00,1406,0
2017-01-20T00:00:00.0000000+00:00,1496,1
2017-01-21T00:00:00.0000000+00:00,919,0
2017-01-22T00:00:00.0000000+00:00,653,0
2017-01-23T00:00:00.0000000+00:00,1172,0
2017-01-24T00:00:00.0000000+00:00,1703,1
2017-01-25T00:00:00.0000000+00:00,1528,0
2017-01-26T00:00:00.0000000+00:00,1710,10
2017-01-27T00:00:00.0000000+00:00,1230,0
2017-01-28T00:00:00.0000000+00:00,520,0
2017-01-29T00:00:00.0000000+00:00,829,0
2017-01-30T00:00:00.0000000+00:00,1327,0
2017-01-31T00:00:00.0000000+00:00,1779,2
2017-02-01T00:00:00.0000000+00:00,1497,0
2017-02-02T00:00:00.0000000+00:00,1323,6
2017-02-03T00:00:00.0000000+00:00,1651,0
2017-02-04T00:00:00.0000000+00:00,980,0
2017-02-05T00:00:00.0000000+00:00,1145,0
2017-02-06T00:00:00.0000000+00:00,1199,2
2017-02-07T00:00:00.0000000+00:00,1259,0
2017-02-08T00:00:00.0000000+00:00,11610,1
2017-02-09T00:00:00.0000000+00:00,2478,6
2017-02-10T00:00:00.0000000+00:00,1701,3
2017-02-11T00:00:00.0000000+00:00,700,0
2017-02-12T00:00:00.0000000+00:00,694,0
2017-02-13T00:00:00.0000000+00:00,1586,17
2017-02-14T00:00:00.0000000+00:00,1540,12
2017-02-15T00:00:00.0000000+00:00,1437,1
2017-02-16T00:00:00.0000000+00:00,1302,0
2017-02-17T00:00:00.0000000+00:00,1509,1
2017-02-18T00:00:00.0000000+00:00,924,0
2017-02-19T00:00:00.0000000+00:00,760,0
2017-02-20T00:00:00.0000000+00:00,1588,0
2017-02-21T00:00:00.0000000+00:00,1431,6
2017-02-22T00:00:00.0000000+00:00,1437,0
2017-02-23T00:00:00.0000000+00:00,1186,1
2017-02-24T00:00:00.0000000+00:00,1319,0
2017-02-25T00:00:00.0000000+00:00,1319,0
2017-02-26T00:00:00.0000000+00:00,968,0
2017-02-27T00:00:00.0000000+00:00,1765,6
2017-02-28T00:00:00.0000000+00:00,1892,1
2017-03-01T00:00:00.0000000+00:00,1195,0
2017-03-02T00:00:00.0000000+00:00,1418,4
2017-03-03T00:00:00.0000000+00:00,1261,0
2017-03-04T00:00:00.0000000+00:00,388,0
2017-03-05T00:00:00.0000000+00:00,682,0
2017-03-06T00:00:00.0000000+00:00,1685,0
2017-03-07T00:00:00.0000000+00:00,1485,1
2017-03-08T00:00:00.0000000+00:00,1642,23
2017-03-09T00:00:00.0000000+00:00,1449,2
2017-03-10T00:00:00.0000000+00:00,1546,8
2017-03-11T00:00:00.0000000+00:00,1162,1
2017-03-12T00:00:00.0000000+00:00,871,0
2017-03-13T00:00:00.0000000+00:00,1529,4
2017-03-14T00:00:00.0000000+00:00,1457,3
2017-03-15T00:00:00.0000000+00:00,1696,0
2017-03-16T00:00:00.0000000+00:00,1366,1
2017-03-17T00:00:00.0000000+00:00,1229,0
2017-03-18T00:00:00.0000000+00:00,761,0
2017-03-19T00:00:00.0000000+00:00,984,0
2017-03-20T00:00:00.0000000+00:00,1559,8
2017-03-21T00:00:00.0000000+00:00,1548,3
2017-03-22T00:00:00.0000000+00:00,1471,0
2017-03-23T00:00:00.0000000+00:00,1419,6
2017-03-24T00:00:00.0000000+00:00,1114,109
2017-03-25T00:00:00.0000000+00:00,963,0
2017-03-26T00:00:00.0000000+00:00,828,0
2017-03-27T00:00:00.0000000+00:00,1442,11
2017-03-28T00:00:00.0000000+00:00,2215,3
2017-03-29T00:00:00.0000000+00:00,1856,2
2017-03-30T00:00:00.0000000+00:00,2127,0
2017-03-31T00:00:00.0000000+00:00,2099,2
2017-04-01T00:00:00.0000000+00:00,1024,1
2017-04-02T00:00:00.0000000+00:00,752,0
2017-04-03T00:00:00.0000000+00:00,1666,4
2017-04-04T00:00:00.0000000+00:00,1652,0
2017-04-05T00:00:00.0000000+00:00,2590,12
2017-04-06T00:00:00.0000000+00:00,1793,0
2017-04-07T00:00:00.0000000+00:00,3552,2
2017-04-08T00:00:00.0000000+00:00,1070,0
2017-04-09T00:00:00.0000000+00:00,821,0
2017-04-10T00:00:00.0000000+00:00,1488,1
2017-04-11T00:00:00.0000000+00:00,1821,5
2017-04-12T00:00:00.0000000+00:00,1974,2
2017-04-13T00:00:00.0000000+00:00,1664,1
2017-04-14T00:00:00.0000000+00:00,913,2
2017-04-15T00:00:00.0000000+00:00,806,4
2017-04-16T00:00:00.0000000+00:00,588,0
2017-04-17T00:00:00.0000000+00:00,1110,2
2017-04-18T00:00:00.0000000+00:00,1456,0
2017-04-19T00:00:00.0000000+00:00,2056,207
2017-04-20T00:00:00.0000000+00:00,2415,6
2017-04-21T00:00:00.0000000+00:00,1687,0
2017-04-22T00:00:00.0000000+00:00,923,0
2017-04-23T00:00:00.0000000+00:00,637,0
2017-04-24T00:00:00.0000000+00:00,1611,4
2017-04-25T00:00:00.0000000+00:00,1336,0
2017-04-26T00:00:00.0000000+00:00,1660,0
2017-04-27T00:00:00.0000000+00:00,1538,1
2017-04-28T00:00:00.0000000+00:00,1691,1
2017-04-29T00:00:00.0000000+00:00,854,0
2017-04-30T00:00:00.0000000+00:00,458,0
2017-05-01T00:00:00.0000000+00:00,1054,12
2017-05-02T00:00:00.0000000+00:00,1329,1
2017-05-03T00:00:00.0000000+00:00,1501,4
2017-05-04T00:00:00.0000000+00:00,1657,2
2017-05-05T00:00:00.0000000+00:00,1601,1
2017-05-06T00:00:00.0000000+00:00,673,1
2017-05-07T00:00:00.0000000+00:00,636,0
2017-05-08T00:00:00.0000000+00:00,1587,1
2017-05-09T00:00:00.0000000+00:00,2294,0
2017-05-10T00:00:00.0000000+00:00,1813,3
2017-05-11T00:00:00.0000000+00:00,1663,2
2017-05-12T00:00:00.0000000+00:00,1704,0
2017-05-13T00:00:00.0000000+00:00,774,0
2017-05-14T00:00:00.0000000+00:00,762,0
2017-05-15T00:00:00.0000000+00:00,1341,4
2017-05-16T00:00:00.0000000+00:00,1442,1
2017-05-17T00:00:00.0000000+00:00,1673,1
2017-05-18T00:00:00.0000000+00:00,1464,0
2017-05-19T00:00:00.0000000+00:00,1663,1
2017-05-20T00:00:00.0000000+00:00,614,0
2017-05-21T00:00:00.0000000+00:00,687,0
2017-05-22T00:00:00.0000000+00:00,1574,0
2017-05-23T00:00:00.0000000+00:00,1616,7
2017-05-24T00:00:00.0000000+00:00,2068,1
2017-05-25T00:00:00.0000000+00:00,1723,1
2017-05-26T00:00:00.0000000+00:00,1493,1
2017-05-27T00:00:00.0000000+00:00,651,0
2017-05-28T00:00:00.0000000+00:00,599,0
2017-05-29T00:00:00.0000000+00:00,1396,0
2017-05-30T00:00:00.0000000+00:00,1329,12
2017-05-31T00:00:00.0000000+00:00,1676,1
2017-06-01T00:00:00.0000000+00:00,2406,11
2017-06-02T00:00:00.0000000+00:00,1460,1
2017-06-03T00:00:00.0000000+00:00,650,0
2017-06-04T00:00:00.0000000+00:00,787,0
2017-06-05T00:00:00.0000000+00:00,1378,3
2017-06-06T00:00:00.0000000+00:00,1604,1
2017-06-07T00:00:00.0000000+00:00,1855,0
2017-06-08T00:00:00.0000000+00:00,2644,3
2017-06-09T00:00:00.0000000+00:00,1480,1
2017-06-10T00:00:00.0000000+00:00,686,1
2017-06-11T00:00:00.0000000+00:00,747,0
2017-06-12T00:00:00.0000000+00:00,1074,0
2017-06-13T00:00:00.0000000+00:00,1600,12
2017-06-14T00:00:00.0000000+00:00,1678,0
2017-06-15T00:00:00.0000000+00:00,1493,1
2017-06-16T00:00:00.0000000+00:00,1530,1
2017-06-17T00:00:00.0000000+00:00,816,1
2017-06-18T00:00:00.0000000+00:00,680,0
2017-06-19T00:00:00.0000000+00:00,1407,9
2017-06-20T00:00:00.0000000+00:00,1586,1
2017-06-21T00:00:00.0000000+00:00,1550,2
2017-06-22T00:00:00.0000000+00:00,1480,11
2017-06-23T00:00:00.0000000+00:00,1556,4
2017-06-24T00:00:00.0000000+00:00,647,1
2017-06-25T00:00:00.0000000+00:00,519,0
2017-06-26T00:00:00.0000000+00:00,1254,5
2017-06-27T00:00:00.0000000+00:00,1617,1
2017-06-28T00:00:00.0000000+00:00,1727,12
2017-06-29T00:00:00.0000000+00:00,1508,0
2017-06-30T00:00:00.0000000+00:00,1588,0
2017-07-01T00:00:00.0000000+00:00,563,0
2017-07-02T00:00:00.0000000+00:00,545,0
2017-07-03T00:00:00.0000000+00:00,1275,0
2017-07-04T00:00:00.0000000+00:00,1640,0
2017-07-05T00:00:00.0000000+00:00,1898,1
2017-07-06T00:00:00.0000000+00:00,1736,2
2017-07-07T00:00:00.0000000+00:00,1689,66
2017-07-08T00:00:00.0000000+00:00,611,0
2017-07-09T00:00:00.0000000+00:00,487,0
2017-07-10T00:00:00.0000000+00:00,1279,2
2017-07-11T00:00:00.0000000+00:00,1487,0
2017-07-12T00:00:00.0000000+00:00,1723,2
2017-07-13T00:00:00.0000000+00:00,2051,2
2017-07-14T00:00:00.0000000+00:00,1796,2
2017-07-15T00:00:00.0000000+00:00,1190,0
2017-07-16T00:00:00.0000000+00:00,779,0
2017-07-17T00:00:00.0000000+00:00,1322,1
2017-07-18T00:00:00.0000000+00:00,1703,0
2017-07-19T00:00:00.0000000+00:00,1682,0
2017-07-20T00:00:00.0000000+00:00,1609,0
2017-07-21T00:00:00.0000000+00:00,2134,2
2017-07-22T00:00:00.0000000+00:00,893,0
2017-07-23T00:00:00.0000000+00:00,3552,0
2017-07-24T00:00:00.0000000+00:00,1288,0
2017-07-25T00:00:00.0000000+00:00,1650,0
2017-07-26T00:00:00.0000000+00:00,2032,2
2017-07-27T00:00:00.0000000+00:00,1745,26
2017-07-28T00:00:00.0000000+00:00,1699,10
2017-07-29T00:00:00.0000000+00:00,684,0
2017-07-30T00:00:00.0000000+00:00,811,0
2017-07-31T00:00:00.0000000+00:00,1440,0
2017-08-01T00:00:00.0000000+00:00,2040,5
2017-08-02T00:00:00.0000000+00:00,1753,1
2017-08-03T00:00:00.0000000+00:00,1686,1
2017-08-04T00:00:00.0000000+00:00,1670,4
2017-08-05T00:00:00.0000000+00:00,474,0
2017-08-06T00:00:00.0000000+00:00,580,0
2017-08-07T00:00:00.0000000+00:00,1831,7
2017-08-08T00:00:00.0000000+00:00,1419,10
2017-08-09T00:00:00.0000000+00:00,1629,3
2017-08-10T00:00:00.0000000+00:00,1390,0
2017-08-11T00:00:00.0000000+00:00,1953,3
2017-08-12T00:00:00.0000000+00:00,611,0
2017-08-13T00:00:00.0000000+00:00,556,0
2017-08-14T00:00:00.0000000+00:00,1674,2
2017-08-15T00:00:00.0000000+00:00,1954,17
2017-08-16T00:00:00.0000000+00:00,2060,0
2017-08-17T00:00:00.0000000+00:00,1563,0
2017-08-18T00:00:00.0000000+00:00,1637,10
2017-08-19T00:00:00.0000000+00:00,3096,0
2017-08-20T00:00:00.0000000+00:00,888,0
2017-08-21T00:00:00.0000000+00:00,7547,0
2017-08-22T00:00:00.0000000+00:00,3455,6
2017-08-23T00:00:00.0000000+00:00,1630,1
2017-08-24T00:00:00.0000000+00:00,1747,3
2017-08-25T00:00:00.0000000+00:00,1419,4
2017-08-26T00:00:00.0000000+00:00,688,0
2017-08-27T00:00:00.0000000+00:00,1253,0
2017-08-28T00:00:00.0000000+00:00,1566,0
2017-08-29T00:00:00.0000000+00:00,1760,0
2017-08-30T00:00:00.0000000+00:00,2491,2
2017-08-31T00:00:00.0000000+00:00,1873,2
2017-09-01T00:00:00.0000000+00:00,1826,1
2017-09-02T00:00:00.0000000+00:00,651,0
2017-09-03T00:00:00.0000000+00:00,670,0
2017-09-04T00:00:00.0000000+00:00,1718,0
2017-09-05T00:00:00.0000000+00:00,1929,14
2017-09-06T00:00:00.0000000+00:00,2277,9
2017-09-07T00:00:00.0000000+00:00,1945,3
2017-09-08T00:00:00.0000000+00:00,2779,9
2017-09-09T00:00:00.0000000+00:00,668,2
2017-09-10T00:00:00.0000000+00:00,862,0
2017-09-11T00:00:00.0000000+00:00,1693,2
2017-09-12T00:00:00.0000000+00:00,2023,2
2017-09-13T00:00:00.0000000+00:00,4060,13
2017-09-14T00:00:00.0000000+00:00,1712,1
2017-09-15T00:00:00.0000000+00:00,1411,19
2017-09-16T00:00:00.0000000+00:00,665,1
2017-09-17T00:00:00.0000000+00:00,679,0
2017-09-18T00:00:00.0000000+00:00,2188,0
2017-09-19T00:00:00.0000000+00:00,1990,9
2017-09-20T00:00:00.0000000+00:00,2753,2
2017-09-21T00:00:00.0000000+00:00,1850,2
2017-09-22T00:00:00.0000000+00:00,1823,9
2017-09-23T00:00:00.0000000+00:00,824,0
2017-09-24T00:00:00.0000000+00:00,650,0
2017-09-25T00:00:00.0000000+00:00,3958,5
2017-09-26T00:00:00.0000000+00:00,1916,4
2017-09-27T00:00:00.0000000+00:00,1729,1
2017-09-28T00:00:00.0000000+00:00,1415,7
2017-09-29T00:00:00.0000000+00:00,1464,5
2017-09-30T00:00:00.0000000+00:00,680,0
2017-10-01T00:00:00.0000000+00:00,1194,0
2017-10-02T00:00:00.0000000+00:00,1714,1
2017-10-03T00:00:00.0000000+00:00,2162,3
2017-10-04T00:00:00.0000000+00:00,2276,0
2017-10-05T00:00:00.0000000+00:00,1687,0
2017-10-06T00:00:00.0000000+00:00,1842,0
2017-10-07T00:00:00.0000000+00:00,905,0
2017-10-08T00:00:00.0000000+00:00,810,0
2017-10-09T00:00:00.0000000+00:00,1655,4
2017-10-10T00:00:00.0000000+00:00,1840,0
2017-10-11T00:00:00.0000000+00:00,1763,23
2017-10-12T00:00:00.0000000+00:00,1798,0
2017-10-13T00:00:00.0000000+00:00,1970,7
2017-10-14T00:00:00.0000000+00:00,670,0
2017-10-15T00:00:00.0000000+00:00,702,0
2017-10-16T00:00:00.0000000+00:00,1662,12
2017-10-17T00:00:00.0000000+00:00,1940,0
2017-10-18T00:00:00.0000000+00:00,2162,1
2017-10-19T00:00:00.0000000+00:00,1697,1
2017-10-20T00:00:00.0000000+00:00,1651,0
2017-10-21T00:00:00.0000000+00:00,810,10
2017-10-22T00:00:00.0000000+00:00,640,0
2017-10-23T00:00:00.0000000+00:00,2096,2
2017-10-24T00:00:00.0000000+00:00,2059,3
2017-10-25T00:00:00.0000000+00:00,2057,3
2017-10-26T00:00:00.0000000+00:00,2059,1
2017-10-27T00:00:00.0000000+00:00,1633,4
2017-10-28T00:00:00.0000000+00:00,791,0
2017-10-29T00:00:00.0000000+00:00,749,0
2017-10-30T00:00:00.0000000+00:00,2279,0
2017-10-31T00:00:00.0000000+00:00,2253,1
2017-11-01T00:00:00.0000000+00:00,2672,0
2017-11-02T00:00:00.0000000+00:00,2576,2
2017-11-03T00:00:00.0000000+00:00,1443,3
2017-11-04T00:00:00.0000000+00:00,1172,0
2017-11-05T00:00:00.0000000+00:00,719,0
2017-11-06T00:00:00.0000000+00:00,1735,11
2017-11-07T00:00:00.0000000+00:00,2041,2
2017-11-08T00:00:00.0000000+00:00,2001,169
2017-11-09T00:00:00.0000000+00:00,1924,0
2017-11-10T00:00:00.0000000+00:00,1768,0
2017-11-11T00:00:00.0000000+00:00,796,0
2017-11-12T00:00:00.0000000+00:00,3319,0
2017-11-13T00:00:00.0000000+00:00,1830,1
2017-11-14T00:00:00.0000000+00:00,2449,2
2017-11-15T00:00:00.0000000+00:00,2229,0
2017-11-16T00:00:00.0000000+00:00,1929,8
2017-11-17T00:00:00.0000000+00:00,2221,6
2017-11-18T00:00:00.0000000+00:00,836,0
2017-11-19T00:00:00.0000000+00:00,2116,0
2017-11-20T00:00:00.0000000+00:00,3267,166
2017-11-21T00:00:00.0000000+00:00,2069,2
2017-11-22T00:00:00.0000000+00:00,1531,3
2017-11-23T00:00:00.0000000+00:00,1478,0
2017-11-24T00:00:00.0000000+00:00,1555,0
2017-11-25T00:00:00.0000000+00:00,755,0
2017-11-26T00:00:00.0000000+00:00,991,0
2017-11-27T00:00:00.0000000+00:00,1538,8
2017-11-28T00:00:00.0000000+00:00,1877,2
2017-11-29T00:00:00.0000000+00:00,1830,0
2017-11-30T00:00:00.0000000+00:00,1791,0
2017-12-01T00:00:00.0000000+00:00,1639,0
2017-12-02T00:00:00.0000000+00:00,855,0
2017-12-03T00:00:00.0000000+00:00,983,0
2017-12-04T00:00:00.0000000+00:00,1959,0
2017-12-05T00:00:00.0000000+00:00,1859,7
2017-12-06T00:00:00.0000000+00:00,2994,0
2017-12-07T00:00:00.0000000+00:00,13223,0
2017-12-08T00:00:00.0000000+00:00,2354,2
2017-12-09T00:00:00.0000000+00:00,1273,0
2017-12-10T00:00:00.0000000+00:00,1303,0
2017-12-11T00:00:00.0000000+00:00,2838,3
2017-12-12T00:00:00.0000000+00:00,2593,2
2017-12-13T00:00:00.0000000+00:00,3709,2
2017-12-14T00:00:00.0000000+00:00,3774,11
2017-12-15T00:00:00.0000000+00:00,2565,0
2017-12-16T00:00:00.0000000+00:00,949,0
2017-12-17T00:00:00.0000000+00:00,1256,0
2017-12-18T00:00:00.0000000+00:00,1985,0
2017-12-19T00:00:00.0000000+00:00,2898,1
2017-12-20T00:00:00.0000000+00:00,1893,0
2017-12-21T00:00:00.0000000+00:00,2506,0
2017-12-22T00:00:00.0000000+00:00,3134,3
2017-12-23T00:00:00.0000000+00:00,1978,0
2017-12-24T00:00:00.0000000+00:00,1010,0
2017-12-25T00:00:00.0000000+00:00,1201,0
2017-12-26T00:00:00.0000000+00:00,1890,0
2017-12-27T00:00:00.0000000+00:00,1766,2
2017-12-28T00:00:00.0000000+00:00,1831,0
2017-12-29T00:00:00.0000000+00:00,2329,7
2017-12-30T00:00:00.0000000+00:00,1365,0
2017-12-31T00:00:00.0000000+00:00,875,0
2018-01-01T00:00:00.0000000+00:00,957,0
2018-01-02T00:00:00.0000000+00:00,2538,0
2018-01-03T00:00:00.0000000+00:00,2650,6
2018-01-04T00:00:00.0000000+00:00,1930,1
2018-01-05T00:00:00.0000000+00:00,2159,3
2018-01-06T00:00:00.0000000+00:00,1443,0
2018-01-07T00:00:00.0000000+00:00,1464,0
2018-01-08T00:00:00.0000000+00:00,2550,2
2018-01-09T00:00:00.0000000+00:00,3698,1
2018-01-10T00:00:00.0000000+00:00,2924,0
2018-01-11T00:00:00.0000000+00:00,3421,1
2018-01-12T00:00:00.0000000+00:00,2500,13
2018-01-13T00:00:00.0000000+00:00,1443,0
2018-01-14T00:00:00.0000000+00:00,1575,0
2018-01-15T00:00:00.0000000+00:00,2352,0
2018-01-16T00:00:00.0000000+00:00,3305,90
2018-01-17T00:00:00.0000000+00:00,3240,10
2018-01-18T00:00:00.0000000+00:00,5274,2
2018-01-19T00:00:00.0000000+00:00,2529,3
2018-01-20T00:00:00.0000000+00:00,3936,0
2018-01-21T00:00:00.0000000+00:00,1443,0
2018-01-22T00:00:00.0000000+00:00,2570,0
2018-01-23T00:00:00.0000000+00:00,3307,0
2018-01-24T00:00:00.0000000+00:00,2788,1
2018-01-25T00:00:00.0000000+00:00,4283,15
2018-01-26T00:00:00.0000000+00:00,2799,5
2018-01-27T00:00:00.0000000+00:00,1875,0
2018-01-28T00:00:00.0000000+00:00,1137,0
2018-01-29T00:00:00.0000000+00:00,2752,0
2018-01-30T00:00:00.0000000+00:00,2182,5
2018-01-31T00:00:00.0000000+00:00,2496,1
2018-02-01T00:00:00.0000000+00:00,3000,3
2018-02-02T00:00:00.0000000+00:00,2297,54
2018-02-03T00:00:00.0000000+00:00,1183,0
2018-02-04T00:00:00.0000000+00:00,1428,0
2018-02-05T00:00:00.0000000+00:00,2779,0
2018-02-06T00:00:00.0000000+00:00,2460,0
2018-02-07T00:00:00.0000000+00:00,3193,4
2018-02-08T00:00:00.0000000+00:00,2774,215
2018-02-09T00:00:00.0000000+00:00,2737,0
2018-02-10T00:00:00.0000000+00:00,1716,0
2018-02-11T00:00:00.0000000+00:00,1540,2
2018-02-12T00:00:00.0000000+00:00,4507,2
2018-02-13T00:00:00.0000000+00:00,5687,1
2018-02-14T00:00:00.0000000+00:00,3603,1
2018-02-15T00:00:00.0000000+00:00,3738,2
2018-02-16T00:00:00.0000000+00:00,4443,0
2018-02-17T00:00:00.0000000+00:00,3495,0
2018-02-18T00:00:00.0000000+00:00,2667,2
2018-02-19T00:00:00.0000000+00:00,2330,0
2018-02-20T00:00:00.0000000+00:00,3032,0
2018-02-21T00:00:00.0000000+00:00,3976,9
2018-02-22T00:00:00.0000000+00:00,3853,0
2018-02-23T00:00:00.0000000+00:00,3100,6
2018-02-24T00:00:00.0000000+00:00,1906,0
2018-02-25T00:00:00.0000000+00:00,1313,0
2018-02-26T00:00:00.0000000+00:00,3543,6
2018-02-27T00:00:00.0000000+00:00,3324,5
2018-02-28T00:00:00.0000000+00:00,3514,6
2018-03-01T00:00:00.0000000+00:00,3611,0
2018-03-02T00:00:00.0000000+00:00,3446,1
2018-03-03T00:00:00.0000000+00:00,1743,2
2018-03-04T00:00:00.0000000+00:00,1519,0
2018-03-05T00:00:00.0000000+00:00,2643,3
2018-03-06T00:00:00.0000000+00:00,2855,1
2018-03-07T00:00:00.0000000+00:00,3948,0
2018-03-08T00:00:00.0000000+00:00,2622,0
2018-03-09T00:00:00.0000000+00:00,1918,5
2018-03-10T00:00:00.0000000+00:00,1349,1
2018-03-11T00:00:00.0000000+00:00,1860,1
2018-03-12T00:00:00.0000000+00:00,2737,2
2018-03-13T00:00:00.0000000+00:00,4721,0
2018-03-14T00:00:00.0000000+00:00,3536,1
2018-03-15T00:00:00.0000000+00:00,3228,1
2018-03-16T00:00:00.0000000+00:00,2490,0
2018-03-17T00:00:00.0000000+00:00,1031,1
2018-03-18T00:00:00.0000000+00:00,1441,1
2018-03-19T00:00:00.0000000+00:00,4629,2
2018-03-20T00:00:00.0000000+00:00,3013,1
2018-03-21T00:00:00.0000000+00:00,3486,2
2018-03-22T00:00:00.0000000+00:00,2694,6
2018-03-23T00:00:00.0000000+00:00,3109,2
2018-03-24T00:00:00.0000000+00:00,2755,0
2018-03-25T00:00:00.0000000+00:00,1549,0
2018-03-26T00:00:00.0000000+00:00,3318,14
2018-03-27T00:00:00.0000000+00:00,3548,1
2018-03-28T00:00:00.0000000+00:00,4239,1
2018-03-29T00:00:00.0000000+00:00,5489,2
2018-03-30T00:00:00.0000000+00:00,2969,7
2018-03-31T00:00:00.0000000+00:00,1829,2
2018-04-01T00:00:00.0000000+00:00,1529,0
2018-04-02T00:00:00.0000000+00:00,2464,0
2018-04-03T00:00:00.0000000+00:00,2913,1
2018-04-04T00:00:00.0000000+00:00,3564,0
2018-04-05T00:00:00.0000000+00:00,3009,15
2018-04-06T00:00:00.0000000+00:00,2976,3
2018-04-07T00:00:00.0000000+00:00,1959,0
2018-04-08T00:00:00.0000000+00:00,1411,0
2018-04-09T00:00:00.0000000+00:00,2677,3
2018-04-10T00:00:00.0000000+00:00,3934,0
2018-04-11T00:00:00.0000000+00:00,2912,0
2018-04-12T00:00:00.0000000+00:00,2951,8
2018-04-13T00:00:00.0000000+00:00,2526,3
2018-04-14T00:00:00.0000000+00:00,1475,0
2018-04-15T00:00:00.0000000+00:00,1445,0
2018-04-16T00:00:00.0000000+00:00,4040,9
2018-04-17T00:00:00.0000000+00:00,3042,1
2018-04-18T00:00:00.0000000+00:00,6661,0
2018-04-19T00:00:00.0000000+00:00,3478,3
2018-04-20T00:00:00.0000000+00:00,10664,15
2018-04-21T00:00:00.0000000+00:00,7850,0
2018-04-22T00:00:00.0000000+00:00,1581,0
2018-04-23T00:00:00.0000000+00:00,2950,2
2018-04-24T00:00:00.0000000+00:00,4774,4
2018-04-25T00:00:00.0000000+00:00,3609,4
2018-04-26T00:00:00.0000000+00:00,3163,3
2018-04-27T00:00:00.0000000+00:00,2536,5
2018-04-28T00:00:00.0000000+00:00,1663,3
2018-04-29T00:00:00.0000000+00:00,1736,0
2018-04-30T00:00:00.0000000+00:00,2926,1
2018-05-01T00:00:00.0000000+00:00,2469,2
2018-05-02T00:00:00.0000000+00:00,4860,13
2018-05-03T00:00:00.0000000+00:00,3132,3
2018-05-04T00:00:00.0000000+00:00,3045,1
2018-05-05T00:00:00.0000000+00:00,1226,0
2018-05-06T00:00:00.0000000+00:00,2896,0
2018-05-07T00:00:00.0000000+00:00,2837,2
2018-05-08T00:00:00.0000000+00:00,3502,1
2018-05-09T00:00:00.0000000+00:00,2942,0
2018-05-10T00:00:00.0000000+00:00,3048,1
2018-05-11T00:00:00.0000000+00:00,2701,5
2018-05-12T00:00:00.0000000+00:00,1603,0
2018-05-13T00:00:00.0000000+00:00,1092,0
2018-05-14T00:00:00.0000000+00:00,2861,0
2018-05-15T00:00:00.0000000+00:00,2809,3
2018-05-16T00:00:00.0000000+00:00,3030,8
2018-05-17T00:00:00.0000000+00:00,3492,6
2018-05-18T00:00:00.0000000+00:00,2232,5
2018-05-19T00:00:00.0000000+00:00,1461,0
2018-05-20T00:00:00.0000000+00:00,1755,1
2018-05-21T00:00:00.0000000+00:00,2795,8
2018-05-22T00:00:00.0000000+00:00,2770,1
2018-05-23T00:00:00.0000000+00:00,3634,54
2018-05-24T00:00:00.0000000+00:00,3048,5
2018-05-25T00:00:00.0000000+00:00,3020,0
2018-05-26T00:00:00.0000000+00:00,1300,4
2018-05-27T00:00:00.0000000+00:00,1359,1
2018-05-28T00:00:00.0000000+00:00,2290,0
2018-05-29T00:00:00.0000000+00:00,3499,1
2018-05-30T00:00:00.0000000+00:00,2856,2
2018-05-31T00:00:00.0000000+00:00,3438,0
2018-06-01T00:00:00.0000000+00:00,3255,2
2018-06-02T00:00:00.0000000+00:00,1235,0
2018-06-03T00:00:00.0000000+00:00,1155,0
2018-06-04T00:00:00.0000000+00:00,2885,3
2018-06-05T00:00:00.0000000+00:00,3056,6
2018-06-06T00:00:00.0000000+00:00,3410,1
2018-06-07T00:00:00.0000000+00:00,2741,5
2018-06-08T00:00:00.0000000+00:00,2458,1
2018-06-09T00:00:00.0000000+00:00,7647,4
2018-06-10T00:00:00.0000000+00:00,1195,0
2018-06-11T00:00:00.0000000+00:00,2667,7
2018-06-12T00:00:00.0000000+00:00,3659,2
2018-06-13T00:00:00.0000000+00:00,4537,5
2018-06-14T00:00:00.0000000+00:00,2508,9
2018-06-15T00:00:00.0000000+00:00,3056,4
2018-06-16T00:00:00.0000000+00:00,2020,0
2018-06-17T00:00:00.0000000+00:00,1552,0
2018-06-18T00:00:00.0000000+00:00,3405,26
2018-06-19T00:00:00.0000000+00:00,3576,1
2018-06-20T00:00:00.0000000+00:00,3412,1
2018-06-21T00:00:00.0000000+00:00,3315,0
2018-06-22T00:00:00.0000000+00:00,2657,1
2018-06-23T00:00:00.0000000+00:00,1553,0
2018-06-24T00:00:00.0000000+00:00,1732,0
2018-06-25T00:00:00.0000000+00:00,3302,2
2018-06-26T00:00:00.0000000+00:00,3326,2
2018-06-27T00:00:00.0000000+00:00,2637,10
2018-06-28T00:00:00.0000000+00:00,3121,8
2018-06-29T00:00:00.0000000+00:00,2328,6
2018-06-30T00:00:00.0000000+00:00,1180,0
2018-07-01T00:00:00.0000000+00:00,1565,1
2018-07-02T00:00:00.0000000+00:00,3103,3
2018-07-03T00:00:00.0000000+00:00,3730,2
2018-07-04T00:00:00.0000000+00:00,3173,0
2018-07-05T00:00:00.0000000+00:00,3049,12
2018-07-06T00:00:00.0000000+00:00,2933,4
2018-07-07T00:00:00.0000000+00:00,1430,0
2018-07-08T00:00:00.0000000+00:00,1095,2
2018-07-09T00:00:00.0000000+00:00,3076,58
2018-07-10T00:00:00.0000000+00:00,3805,89
2018-07-11T00:00:00.0000000+00:00,2848,19
2018-07-12T00:00:00.0000000+00:00,3684,4
2018-07-13T00:00:00.0000000+00:00,3056,2
2018-07-14T00:00:00.0000000+00:00,1917,0
2018-07-15T00:00:00.0000000+00:00,1811,0
2018-07-16T00:00:00.0000000+00:00,3670,1
2018-07-17T00:00:00.0000000+00:00,3018,4
2018-07-18T00:00:00.0000000+00:00,2986,23
2018-07-19T00:00:00.0000000+00:00,2642,0
2018-07-20T00:00:00.0000000+00:00,3398,1
2018-07-21T00:00:00.0000000+00:00,1148,0
2018-07-22T00:00:00.0000000+00:00,586,0
2018-07-23T00:00:00.0000000+00:00,1814,6
2018-07-24T00:00:00.0000000+00:00,1462,11
2018-07-25T00:00:00.0000000+00:00,2029,19
2018-07-26T00:00:00.0000000+00:00,2064,8
2018-07-27T00:00:00.0000000+00:00,1662,2
2018-07-28T00:00:00.0000000+00:00,708,18
2018-07-29T00:00:00.0000000+00:00,1075,2
2018-07-30T00:00:00.0000000+00:00,1866,7
2018-07-31T00:00:00.0000000+00:00,1844,5
2018-08-01T00:00:00.0000000+00:00,2347,8
2018-08-02T00:00:00.0000000+00:00,2473,5
2018-08-03T00:00:00.0000000+00:00,2205,3
2018-08-04T00:00:00.0000000+00:00,829,6
2018-08-05T00:00:00.0000000+00:00,616,0
2018-08-06T00:00:00.0000000+00:00,1982,4
2018-08-07T00:00:00.0000000+00:00,1702,7
2018-08-08T00:00:00.0000000+00:00,2085,11
2018-08-09T00:00:00.0000000+00:00,2030,4
2018-08-10T00:00:00.0000000+00:00,1830,8
2018-08-11T00:00:00.0000000+00:00,592,2
2018-08-12T00:00:00.0000000+00:00,757,1
2018-08-13T00:00:00.0000000+00:00,1425,5
2018-08-14T00:00:00.0000000+00:00,1638,7
2018-08-15T00:00:00.0000000+00:00,2072,0
2018-08-16T00:00:00.0000000+00:00,2664,0
2018-08-17T00:00:00.0000000+00:00,1526,1
2018-08-18T00:00:00.0000000+00:00,723,1
2018-08-19T00:00:00.0000000+00:00,659,0
2018-08-20T00:00:00.0000000+00:00,1793,12
2018-08-21T00:00:00.0000000+00:00,3560,4
2018-08-22T00:00:00.0000000+00:00,4059,1
2018-08-23T00:00:00.0000000+00:00,3555,6
2018-08-24T00:00:00.0000000+00:00,4423,4
2018-08-25T00:00:00.0000000+00:00,1307,0
2018-08-26T00:00:00.0000000+00:00,1127,0
2018-08-27T00:00:00.0000000+00:00,5010,2
2018-08-28T00:00:00.0000000+00:00,4485,2
2018-08-29T00:00:00.0000000+00:00,2709,10
2018-08-30T00:00:00.0000000+00:00,2136,3
2018-08-31T00:00:00.0000000+00:00,1360,0
2018-09-01T00:00:00.0000000+00:00,893,1
2018-09-02T00:00:00.0000000+00:00,1011,1
2018-09-03T00:00:00.0000000+00:00,1505,0
2018-09-04T00:00:00.0000000+00:00,1523,2
2018-09-05T00:00:00.0000000+00:00,2185,1
2018-09-06T00:00:00.0000000+00:00,1906,10
2018-09-07T00:00:00.0000000+00:00,1739,92
2018-09-08T00:00:00.0000000+00:00,746,0
2018-09-09T00:00:00.0000000+00:00,945,0
2018-09-10T00:00:00.0000000+00:00,1784,2
2018-09-11T00:00:00.0000000+00:00,2116,2
2018-09-12T00:00:00.0000000+00:00,2514,29
2018-09-13T00:00:00.0000000+00:00,2145,2
2018-09-14T00:00:00.0000000+00:00,1888,7
2018-09-15T00:00:00.0000000+00:00,651,0
2018-09-16T00:00:00.0000000+00:00,761,0
2018-09-17T00:00:00.0000000+00:00,1632,22
2018-09-18T00:00:00.0000000+00:00,2115,7
2018-09-19T00:00:00.0000000+00:00,2782,7
2018-09-20T00:00:00.0000000+00:00,2704,0
2018-09-21T00:00:00.0000000+00:00,2716,3
2018-09-22T00:00:00.0000000+00:00,1146,3
2018-09-23T00:00:00.0000000+00:00,1560,0
2018-09-24T00:00:00.0000000+00:00,1783,1
2018-09-25T00:00:00.0000000+00:00,1989,18
2018-09-26T00:00:00.0000000+00:00,2234,1
2018-09-27T00:00:00.0000000+00:00,2775,4
2018-09-28T00:00:00.0000000+00:00,1711,2
2018-09-29T00:00:00.0000000+00:00,817,0
2018-09-30T00:00:00.0000000+00:00,783,1
2018-10-01T00:00:00.0000000+00:00,1722,17
2018-10-02T00:00:00.0000000+00:00,3565,6
2018-10-03T00:00:00.0000000+00:00,4934,1
2018-10-04T00:00:00.0000000+00:00,4802,22
2018-10-05T00:00:00.0000000+00:00,4888,0
2018-10-06T00:00:00.0000000+00:00,4800,0
2018-10-07T00:00:00.0000000+00:00,4762,0
2018-10-08T00:00:00.0000000+00:00,4765,4
2018-10-09T00:00:00.0000000+00:00,4339,178
2018-10-10T00:00:00.0000000+00:00,4047,0
2018-10-11T00:00:00.0000000+00:00,9480,130
2018-10-12T00:00:00.0000000+00:00,9451,35
2018-10-13T00:00:00.0000000+00:00,9442,1
2018-10-14T00:00:00.0000000+00:00,9313,0
2018-10-15T00:00:00.0000000+00:00,9145,0
2018-10-16T00:00:00.0000000+00:00,9292,49
2018-10-17T00:00:00.0000000+00:00,9437,2
2018-10-18T00:00:00.0000000+00:00,9262,2
2018-10-19T00:00:00.0000000+00:00,9218,4
2018-10-20T00:00:00.0000000+00:00,9628,0
2018-10-21T00:00:00.0000000+00:00,6776,0
2018-10-22T00:00:00.0000000+00:00,3783,48
2018-10-23T00:00:00.0000000+00:00,2315,3
2018-10-24T00:00:00.0000000+00:00,3316,17
2018-10-25T00:00:00.0000000+00:00,9485,5
2018-10-26T00:00:00.0000000+00:00,9496,37
2018-10-27T00:00:00.0000000+00:00,9453,1
2018-10-28T00:00:00.0000000+00:00,9475,1
2018-10-29T00:00:00.0000000+00:00,9370,0
2018-10-30T00:00:00.0000000+00:00,7774,2
2018-10-31T00:00:00.0000000+00:00,6429,3
2018-11-01T00:00:00.0000000+00:00,13675,8
2018-11-02T00:00:00.0000000+00:00,9608,1
2018-11-03T00:00:00.0000000+00:00,9273,0
2018-11-04T00:00:00.0000000+00:00,9347,2
2018-11-05T00:00:00.0000000+00:00,10504,0
2018-11-06T00:00:00.0000000+00:00,15040,3
2018-11-07T00:00:00.0000000+00:00,10299,2
2018-11-08T00:00:00.0000000+00:00,8332,95
2018-11-09T00:00:00.0000000+00:00,7684,6
2018-11-10T00:00:00.0000000+00:00,5775,1
2018-11-11T00:00:00.0000000+00:00,5707,2
2018-11-12T00:00:00.0000000+00:00,5892,4
2018-11-13T00:00:00.0000000+00:00,6247,3
2018-11-14T00:00:00.0000000+00:00,6325,2
2018-11-15T00:00:00.0000000+00:00,3233,4
2018-11-16T00:00:00.0000000+00:00,27679,2
2018-11-17T00:00:00.0000000+00:00,28690,0
2018-11-18T00:00:00.0000000+00:00,28666,0
2018-11-19T00:00:00.0000000+00:00,13903,3
2018-11-20T00:00:00.0000000+00:00,20282,18
2018-11-21T00:00:00.0000000+00:00,31364,10
2018-11-22T00:00:00.0000000+00:00,34482,0
2018-11-23T00:00:00.0000000+00:00,35517,7
2018-11-24T00:00:00.0000000+00:00,35651,0
2018-11-25T00:00:00.0000000+00:00,35272,0
2018-11-26T00:00:00.0000000+00:00,27060,1
2018-11-27T00:00:00.0000000+00:00,35418,2
2018-11-28T00:00:00.0000000+00:00,35368,2
2018-11-29T00:00:00.0000000+00:00,35695,2
2018-11-30T00:00:00.0000000+00:00,35590,9
2018-12-01T00:00:00.0000000+00:00,35537,2
2018-12-02T00:00:00.0000000+00:00,35366,3
2018-12-03T00:00:00.0000000+00:00,35569,1
2018-12-04T00:00:00.0000000+00:00,31528,3
2018-12-05T00:00:00.0000000+00:00,36345,0
2018-12-06T00:00:00.0000000+00:00,44453,4
2018-12-07T00:00:00.0000000+00:00,57221,3
2018-12-08T00:00:00.0000000+00:00,57265,0
2018-12-09T00:00:00.0000000+00:00,57210,0
2018-12-10T00:00:00.0000000+00:00,58757,3
2018-12-11T00:00:00.0000000+00:00,52461,2
2018-12-12T00:00:00.0000000+00:00,14744,1
2018-12-13T00:00:00.0000000+00:00,47855,5
2018-12-14T00:00:00.0000000+00:00,58986,7
2018-12-15T00:00:00.0000000+00:00,64392,2
2018-12-16T00:00:00.0000000+00:00,50880,1
2018-12-17T00:00:00.0000000+00:00,8183,5
2018-12-18T00:00:00.0000000+00:00,61820,1
2018-12-19T00:00:00.0000000+00:00,61704,29
2018-12-20T00:00:00.0000000+00:00,10331,1
2018-12-21T00:00:00.0000000+00:00,10171,3
2018-12-22T00:00:00.0000000+00:00,9818,0
2018-12-23T00:00:00.0000000+00:00,9934,0
2018-12-24T00:00:00.0000000+00:00,9963,6
2018-12-25T00:00:00.0000000+00:00,9996,1
2018-12-26T00:00:00.0000000+00:00,10157,25
2018-12-27T00:00:00.0000000+00:00,10085,14
2018-12-28T00:00:00.0000000+00:00,10200,0
2018-12-29T00:00:00.0000000+00:00,9843,0
2018-12-30T00:00:00.0000000+00:00,4757,0
2018-12-31T00:00:00.0000000+00:00,2034,0
2019-01-01T00:00:00.0000000+00:00,9788,0
2019-01-02T00:00:00.0000000+00:00,10620,0
2019-01-03T00:00:00.0000000+00:00,14208,5
2019-01-04T00:00:00.0000000+00:00,7245,0
2019-01-05T00:00:00.0000000+00:00,5802,0
2019-01-06T00:00:00.0000000+00:00,881,0
2019-01-07T00:00:00.0000000+00:00,3201,1
2019-01-08T00:00:00.0000000+00:00,5652,3
2019-01-09T00:00:00.0000000+00:00,10661,3
2019-01-10T00:00:00.0000000+00:00,9373,19
2019-01-11T00:00:00.0000000+00:00,1984,3
2019-01-12T00:00:00.0000000+00:00,988,6
2019-01-13T00:00:00.0000000+00:00,997,0
2019-01-14T00:00:00.0000000+00:00,2335,2
2019-01-15T00:00:00.0000000+00:00,2143,2
2019-01-16T00:00:00.0000000+00:00,2602,5
2019-01-17T00:00:00.0000000+00:00,2583,1
2019-01-18T00:00:00.0000000+00:00,1922,1
2019-01-19T00:00:00.0000000+00:00,1684,1
2019-01-20T00:00:00.0000000+00:00,935,1
2019-01-21T00:00:00.0000000+00:00,1916,3
2019-01-22T00:00:00.0000000+00:00,2286,2
2019-01-23T00:00:00.0000000+00:00,1686,7
2019-01-24T00:00:00.0000000+00:00,2233,6
2019-01-25T00:00:00.0000000+00:00,2235,0
2019-01-26T00:00:00.0000000+00:00,992,1
2019-01-27T00:00:00.0000000+00:00,1111,0
2019-01-28T00:00:00.0000000+00:00,1907,1
2019-01-29T00:00:00.0000000+00:00,2500,13
2019-01-30T00:00:00.0000000+00:00,2586,1
2019-01-31T00:00:00.0000000+00:00,5271,1
2019-02-01T00:00:00.0000000+00:00,5033,1
2019-02-02T00:00:00.0000000+00:00,873,1
2019-02-03T00:00:00.0000000+00:00,952,0
2019-02-04T00:00:00.0000000+00:00,2553,9
2019-02-05T00:00:00.0000000+00:00,1943,0
2019-02-06T00:00:00.0000000+00:00,1503,8
2019-02-07T00:00:00.0000000+00:00,2177,6
2019-02-08T00:00:00.0000000+00:00,2601,2
2019-02-09T00:00:00.0000000+00:00,861,0
2019-02-10T00:00:00.0000000+00:00,1161,3
2019-02-11T00:00:00.0000000+00:00,1869,1
2019-02-12T00:00:00.0000000+00:00,2250,8
2019-02-13T00:00:00.0000000+00:00,3449,0
2019-02-14T00:00:00.0000000+00:00,2327,1
2019-02-15T00:00:00.0000000+00:00,2109,2
2019-02-16T00:00:00.0000000+00:00,1225,2
2019-02-17T00:00:00.0000000+00:00,1101,0
2019-02-18T00:00:00.0000000+00:00,1683,0
2019-02-19T00:00:00.0000000+00:00,2345,0
2019-02-20T00:00:00.0000000+00:00,2491,9
2019-02-21T00:00:00.0000000+00:00,1816,3
2019-02-22T00:00:00.0000000+00:00,2451,2
2019-02-23T00:00:00.0000000+00:00,1301,1
2019-02-24T00:00:00.0000000+00:00,1030,4
2019-02-25T00:00:00.0000000+00:00,2074,40
2019-02-26T00:00:00.0000000+00:00,2777,3
2019-02-27T00:00:00.0000000+00:00,2270,2
2019-02-28T00:00:00.0000000+00:00,3075,37
2019-03-01T00:00:00.0000000+00:00,2261,7
2019-03-02T00:00:00.0000000+00:00,995,3
2019-03-03T00:00:00.0000000+00:00,1758,0
2019-03-04T00:00:00.0000000+00:00,2295,5
2019-03-05T00:00:00.0000000+00:00,2408,29
2019-03-06T00:00:00.0000000+00:00,3839,2
2019-03-07T00:00:00.0000000+00:00,2413,4
2019-03-08T00:00:00.0000000+00:00,1739,1
2019-03-09T00:00:00.0000000+00:00,1099,0
2019-03-10T00:00:00.0000000+00:00,1034,0
2019-03-11T00:00:00.0000000+00:00,2377,0
2019-03-12T00:00:00.0000000+00:00,3133,2
2019-03-13T00:00:00.0000000+00:00,2925,8
2019-03-14T00:00:00.0000000+00:00,2257,2
2019-03-15T00:00:00.0000000+00:00,4383,283
2019-03-16T00:00:00.0000000+00:00,1149,22
2019-03-17T00:00:00.0000000+00:00,1394,6
2019-03-18T00:00:00.0000000+00:00,3536,5
2019-03-19T00:00:00.0000000+00:00,2465,0
2019-03-20T00:00:00.0000000+00:00,3105,0
2019-03-21T00:00:00.0000000+00:00,3781,1
2019-03-22T00:00:00.0000000+00:00,2388,0
2019-03-23T00:00:00.0000000+00:00,947,0
2019-03-24T00:00:00.0000000+00:00,1185,0
2019-03-25T00:00:00.0000000+00:00,1987,10
2019-03-26T00:00:00.0000000+00:00,2294,6
2019-03-27T00:00:00.0000000+00:00,2327,2
2019-03-28T00:00:00.0000000+00:00,2816,19
2019-03-29T00:00:00.0000000+00:00,2901,4
2019-03-30T00:00:00.0000000+00:00,1387,0
2019-03-31T00:00:00.0000000+00:00,908,0
2019-04-01T00:00:00.0000000+00:00,2188,1
2019-04-02T00:00:00.0000000+00:00,3419,3
2019-04-03T00:00:00.0000000+00:00,2876,6
2019-04-04T00:00:00.0000000+00:00,2806,0
2019-04-05T00:00:00.0000000+00:00,2905,1
2019-04-06T00:00:00.0000000+00:00,1182,0
2019-04-07T00:00:00.0000000+00:00,1215,2
2019-04-08T00:00:00.0000000+00:00,2472,1
2019-04-09T00:00:00.0000000+00:00,2821,2
2019-04-10T00:00:00.0000000+00:00,2704,4
2019-04-11T00:00:00.0000000+00:00,3370,1
2019-04-12T00:00:00.0000000+00:00,2180,3
2019-04-13T00:00:00.0000000+00:00,1274,0
2019-04-14T00:00:00.0000000+00:00,1503,0
2019-04-15T00:00:00.0000000+00:00,2549,1
2019-04-16T00:00:00.0000000+00:00,3239,2
2019-04-17T00:00:00.0000000+00:00,2315,3
2019-04-18T00:00:00.0000000+00:00,3359,0
2019-04-19T00:00:00.0000000+00:00,2230,3
2019-04-20T00:00:00.0000000+00:00,889,0
2019-04-21T00:00:00.0000000+00:00,877,0
2019-04-22T00:00:00.0000000+00:00,1612,1
2019-04-23T00:00:00.0000000+00:00,2891,3
2019-04-24T00:00:00.0000000+00:00,2531,22
2019-04-25T00:00:00.0000000+00:00,2915,1
2019-04-26T00:00:00.0000000+00:00,2340,2
2019-04-27T00:00:00.0000000+00:00,882,1
2019-04-28T00:00:00.0000000+00:00,1276,0
2019-04-29T00:00:00.0000000+00:00,2437,2
2019-04-30T00:00:00.0000000+00:00,3031,0
2019-05-01T00:00:00.0000000+00:00,2421,3
2019-05-02T00:00:00.0000000+00:00,2710,0
2019-05-03T00:00:00.0000000+00:00,1914,8
2019-05-04T00:00:00.0000000+00:00,1011,0
2019-05-05T00:00:00.0000000+00:00,1095,8
2019-05-06T00:00:00.0000000+00:00,2339,2
2019-05-07T00:00:00.0000000+00:00,3290,11
2019-05-08T00:00:00.0000000+00:00,2577,1
2019-05-09T00:00:00.0000000+00:00,2330,0
2019-05-10T00:00:00.0000000+00:00,2336,1
2019-05-11T00:00:00.0000000+00:00,1360,0
2019-05-12T00:00:00.0000000+00:00,1561,0
2019-05-13T00:00:00.0000000+00:00,2720,1
2019-05-14T00:00:00.0000000+00:00,3673,4
2019-05-15T00:00:00.0000000+00:00,2668,10
2019-05-16T00:00:00.0000000+00:00,2454,0
2019-05-17T00:00:00.0000000+00:00,2569,0
2019-05-18T00:00:00.0000000+00:00,876,1
2019-05-19T00:00:00.0000000+00:00,1052,0
2019-05-20T00:00:00.0000000+00:00,2400,0
2019-05-21T00:00:00.0000000+00:00,2991,4
2019-05-22T00:00:00.0000000+00:00,2383,6
2019-05-23T00:00:00.0000000+00:00,3240,0
2019-05-24T00:00:00.0000000+00:00,2427,1
2019-05-25T00:00:00.0000000+00:00,1081,0
2019-05-26T00:00:00.0000000+00:00,984,0
2019-05-27T00:00:00.0000000+00:00,2110,1
2019-05-28T00:00:00.0000000+00:00,2942,1
2019-05-29T00:00:00.0000000+00:00,2638,0
2019-05-30T00:00:00.0000000+00:00,3011,1
2019-05-31T00:00:00.0000000+00:00,2572,3
2019-06-01T00:00:00.0000000+00:00,831,0
2019-06-02T00:00:00.0000000+00:00,1219,3
2019-06-03T00:00:00.0000000+00:00,2584,1
2019-06-04T00:00:00.0000000+00:00,3294,2
2019-06-05T00:00:00.0000000+00:00,3137,1
2019-06-06T00:00:00.0000000+00:00,2966,12
2019-06-07T00:00:00.0000000+00:00,2214,2
2019-06-08T00:00:00.0000000+00:00,1081,6
2019-06-09T00:00:00.0000000+00:00,1116,3
2019-06-10T00:00:00.0000000+00:00,1993,3
2019-06-11T00:00:00.0000000+00:00,2774,4
2019-06-12T00:00:00.0000000+00:00,2295,13
2019-06-13T00:00:00.0000000+00:00,2513,1
2019-06-14T00:00:00.0000000+00:00,2389,3
2019-06-15T00:00:00.0000000+00:00,1171,0
2019-06-16T00:00:00.0000000+00:00,777,0
2019-06-17T00:00:00.0000000+00:00,2527,4
2019-06-18T00:00:00.0000000+00:00,3563,5
2019-06-19T00:00:00.0000000+00:00,2729,2
2019-06-20T00:00:00.0000000+00:00,2755,9
2019-06-21T00:00:00.0000000+00:00,1984,53
2019-06-22T00:00:00.0000000+00:00,1008,0
2019-06-23T00:00:00.0000000+00:00,1332,1
2019-06-24T00:00:00.0000000+00:00,2760,0
2019-06-25T00:00:00.0000000+00:00,3354,9
2019-06-26T00:00:00.0000000+00:00,2640,0
2019-06-27T00:00:00.0000000+00:00,3011,68
2019-06-28T00:00:00.0000000+00:00,2584,2
2019-06-29T00:00:00.0000000+00:00,880,2
2019-06-30T00:00:00.0000000+00:00,880,4
2019-07-01T00:00:00.0000000+00:00,2565,6
2019-07-02T00:00:00.0000000+00:00,3127,4
2019-07-03T00:00:00.0000000+00:00,2331,0
2019-07-04T00:00:00.0000000+00:00,1968,0
2019-07-05T00:00:00.0000000+00:00,2303,1
2019-07-06T00:00:00.0000000+00:00,985,0
2019-07-07T00:00:00.0000000+00:00,962,1
2019-07-08T00:00:00.0000000+00:00,2679,2
2019-07-09T00:00:00.0000000+00:00,2396,7
2019-07-10T00:00:00.0000000+00:00,5384,3
2019-07-11T00:00:00.0000000+00:00,4363,2
2019-07-12T00:00:00.0000000+00:00,1937,3
2019-07-13T00:00:00.0000000+00:00,966,1
2019-07-14T00:00:00.0000000+00:00,959,0
2019-07-15T00:00:00.0000000+00:00,2650,0
2019-07-16T00:00:00.0000000+00:00,2011,0
2019-07-17T00:00:00.0000000+00:00,3506,1
2019-07-18T00:00:00.0000000+00:00,2970,6
2019-07-19T00:00:00.0000000+00:00,2512,7
2019-07-20T00:00:00.0000000+00:00,690,0
2019-07-21T00:00:00.0000000+00:00,906,0
2019-07-22T00:00:00.0000000+00:00,2576,0
2019-07-23T00:00:00.0000000+00:00,3072,6
2019-07-24T00:00:00.0000000+00:00,3251,9
2019-07-25T00:00:00.0000000+00:00,3419,2
2019-07-26T00:00:00.0000000+00:00,1973,2
2019-07-27T00:00:00.0000000+00:00,1050,0
2019-07-28T00:00:00.0000000+00:00,862,0
2019-07-29T00:00:00.0000000+00:00,2592,7
2019-07-30T00:00:00.0000000+00:00,3277,3
2019-07-31T00:00:00.0000000+00:00,2428,10
2019-08-01T00:00:00.0000000+00:00,2798,12
2019-08-02T00:00:00.0000000+00:00,2893,1
2019-08-03T00:00:00.0000000+00:00,1102,11
2019-08-04T00:00:00.0000000+00:00,1142,0
2019-08-05T00:00:00.0000000+00:00,3015,5
2019-08-06T00:00:00.0000000+00:00,3344,6
2019-08-07T00:00:00.0000000+00:00,2408,1
2019-08-08T00:00:00.0000000+00:00,2686,7
2019-08-09T00:00:00.0000000+00:00,2872,1
2019-08-10T00:00:00.0000000+00:00,1178,0
2019-08-11T00:00:00.0000000+00:00,985,0
2019-08-12T00:00:00.0000000+00:00,2203,7
2019-08-13T00:00:00.0000000+00:00,3248,2
2019-08-14T00:00:00.0000000+00:00,2934,1
2019-08-15T00:00:00.0000000+00:00,2306,3
2019-08-16T00:00:00.0000000+00:00,3139,6
2019-08-17T00:00:00.0000000+00:00,1495,1
2019-08-18T00:00:00.0000000+00:00,1047,0
2019-08-19T00:00:00.0000000+00:00,2523,19
2019-08-20T00:00:00.0000000+00:00,2724,0
2019-08-21T00:00:00.0000000+00:00,2420,1
2019-08-22T00:00:00.0000000+00:00,3226,8
2019-08-23T00:00:00.0000000+00:00,2574,2
2019-08-24T00:00:00.0000000+00:00,1065,0
2019-08-25T00:00:00.0000000+00:00,1079,0
2019-08-26T00:00:00.0000000+00:00,2381,1
2019-08-27T00:00:00.0000000+00:00,2798,1
2019-08-28T00:00:00.0000000+00:00,2458,1
2019-08-29T00:00:00.0000000+00:00,2671,3
2019-08-30T00:00:00.0000000+00:00,2544,2
2019-08-31T00:00:00.0000000+00:00,984,0
2019-09-01T00:00:00.0000000+00:00,1055,0
2019-09-02T00:00:00.0000000+00:00,2217,1
2019-09-03T00:00:00.0000000+00:00,2466,1
2019-09-04T00:00:00.0000000+00:00,3068,5
2019-09-05T00:00:00.0000000+00:00,2710,17
2019-09-06T00:00:00.0000000+00:00,3015,0
2019-09-07T00:00:00.0000000+00:00,975,0
2019-09-08T00:00:00.0000000+00:00,902,1
2019-09-09T00:00:00.0000000+00:00,4126,3
2019-09-10T00:00:00.0000000+00:00,3498,5
2019-09-11T00:00:00.0000000+00:00,2881,0
2019-09-12T00:00:00.0000000+00:00,2752,3
2019-09-13T00:00:00.0000000+00:00,2653,5
2019-09-14T00:00:00.0000000+00:00,972,2
2019-09-15T00:00:00.0000000+00:00,927,2
2019-09-16T00:00:00.0000000+00:00,2957,1
2019-09-17T00:00:00.0000000+00:00,2482,4
2019-09-18T00:00:00.0000000+00:00,2930,1
2019-09-19T00:00:00.0000000+00:00,3103,5
2019-09-20T00:00:00.0000000+00:00,3124,1
2019-09-21T00:00:00.0000000+00:00,1430,2
2019-09-22T00:00:00.0000000+00:00,1152,0
2019-09-23T00:00:00.0000000+00:00,3831,1
2019-09-24T00:00:00.0000000+00:00,3549,2
2019-09-25T00:00:00.0000000+00:00,3947,7
2019-09-26T00:00:00.0000000+00:00,3397,2
2019-09-27T00:00:00.0000000+00:00,2535,0
2019-09-28T00:00:00.0000000+00:00,1995,1
2019-09-29T00:00:00.0000000+00:00,1262,0
2019-09-30T00:00:00.0000000+00:00,3372,0
2019-10-01T00:00:00.0000000+00:00,4520,2
2019-10-02T00:00:00.0000000+00:00,3291,7
2019-10-03T00:00:00.0000000+00:00,3871,1
2019-10-04T00:00:00.0000000+00:00,2430,6
2019-10-05T00:00:00.0000000+00:00,1545,0
2019-10-06T00:00:00.0000000+00:00,1527,0
2019-10-07T00:00:00.0000000+00:00,2624,79
2019-10-08T00:00:00.0000000+00:00,3769,4
2019-10-09T00:00:00.0000000+00:00,2958,0
2019-10-10T00:00:00.0000000+00:00,3215,1
2019-10-11T00:00:00.0000000+00:00,2746,4
2019-10-12T00:00:00.0000000+00:00,1503,0
2019-10-13T00:00:00.0000000+00:00,1316,1
2019-10-14T00:00:00.0000000+00:00,3467,1
2019-10-15T00:00:00.0000000+00:00,3985,3
2019-10-16T00:00:00.0000000+00:00,3030,3
2019-10-17T00:00:00.0000000+00:00,3312,1
2019-10-18T00:00:00.0000000+00:00,3436,1
2019-10-19T00:00:00.0000000+00:00,1461,1
2019-10-20T00:00:00.0000000+00:00,1552,1
2019-10-21T00:00:00.0000000+00:00,2960,6
2019-10-22T00:00:00.0000000+00:00,4467,22
2019-10-23T00:00:00.0000000+00:00,3515,2
2019-10-24T00:00:00.0000000+00:00,2922,0
2019-10-25T00:00:00.0000000+00:00,3253,2
2019-10-26T00:00:00.0000000+00:00,1438,0
2019-10-27T00:00:00.0000000+00:00,1567,0
2019-10-28T00:00:00.0000000+00:00,3981,4
2019-10-29T00:00:00.0000000+00:00,3431,2
2019-10-30T00:00:00.0000000+00:00,3454,1
2019-10-31T00:00:00.0000000+00:00,4635,0
2019-11-01T00:00:00.0000000+00:00,2939,0
2019-11-02T00:00:00.0000000+00:00,1638,0
2019-11-03T00:00:00.0000000+00:00,1540,0
2019-11-04T00:00:00.0000000+00:00,3214,5
2019-11-05T00:00:00.0000000+00:00,3474,10
2019-11-06T00:00:00.0000000+00:00,2900,2
2019-11-07T00:00:00.0000000+00:00,3582,10
2019-11-08T00:00:00.0000000+00:00,2884,0
2019-11-09T00:00:00.0000000+00:00,1640,18
2019-11-10T00:00:00.0000000+00:00,1400,1
2019-11-11T00:00:00.0000000+00:00,2554,1
2019-11-12T00:00:00.0000000+00:00,3314,2
2019-11-13T00:00:00.0000000+00:00,3376,4
2019-11-14T00:00:00.0000000+00:00,3263,0
2019-11-15T00:00:00.0000000+00:00,2642,8
2019-11-16T00:00:00.0000000+00:00,2334,10
2019-11-17T00:00:00.0000000+00:00,2059,2
2019-11-18T00:00:00.0000000+00:00,3652,7
2019-11-19T00:00:00.0000000+00:00,4010,5
2019-11-20T00:00:00.0000000+00:00,2943,7
2019-11-21T00:00:00.0000000+00:00,2818,8
2019-11-22T00:00:00.0000000+00:00,3586,6
2019-11-23T00:00:00.0000000+00:00,2084,7
2019-11-24T00:00:00.0000000+00:00,1224,0
2019-11-25T00:00:00.0000000+00:00,3280,1
2019-11-26T00:00:00.0000000+00:00,3279,2
2019-11-27T00:00:00.0000000+00:00,2887,2
2019-11-28T00:00:00.0000000+00:00,2588,14
2019-11-29T00:00:00.0000000+00:00,2261,0
2019-11-30T00:00:00.0000000+00:00,1061,0
2019-12-01T00:00:00.0000000+00:00,1563,0
2019-12-02T00:00:00.0000000+00:00,3448,0
2019-12-03T00:00:00.0000000+00:00,3717,10
2019-12-04T00:00:00.0000000+00:00,5377,3
2019-12-05T00:00:00.0000000+00:00,2783,3
2019-12-06T00:00:00.0000000+00:00,2540,0
2019-12-07T00:00:00.0000000+00:00,1280,0
2019-12-08T00:00:00.0000000+00:00,1120,0
2019-12-09T00:00:00.0000000+00:00,3227,7
2019-12-10T00:00:00.0000000+00:00,4020,4
2019-12-11T00:00:00.0000000+00:00,3960,1
2019-12-12T00:00:00.0000000+00:00,4134,11
2019-12-13T00:00:00.0000000+00:00,2629,1
2019-12-14T00:00:00.0000000+00:00,1163,1
2019-12-15T00:00:00.0000000+00:00,1371,0
2019-12-16T00:00:00.0000000+00:00,3818,3
2019-12-17T00:00:00.0000000+00:00,3472,3
2019-12-18T00:00:00.0000000+00:00,4899,2
2019-12-19T00:00:00.0000000+00:00,3069,3
2019-12-20T00:00:00.0000000+00:00,2340,2
2019-12-21T00:00:00.0000000+00:00,1238,0
2019-12-22T00:00:00.0000000+00:00,1105,1
2019-12-23T00:00:00.0000000+00:00,2370,8
2019-12-24T00:00:00.0000000+00:00,1856,0
2019-12-25T00:00:00.0000000+00:00,1950,0
2019-12-26T00:00:00.0000000+00:00,1799,11
2019-12-27T00:00:00.0000000+00:00,1815,1
2019-12-28T00:00:00.0000000+00:00,1455,0
2019-12-29T00:00:00.0000000+00:00,1028,0
2019-12-30T00:00:00.0000000+00:00,2279,4
2019-12-31T00:00:00.0000000+00:00,1284,0
2020-01-01T00:00:00.0000000+00:00,1127,1
2020-01-02T00:00:00.0000000+00:00,2122,6
2020-01-03T00:00:00.0000000+00:00,2965,6
2020-01-04T00:00:00.0000000+00:00,1072,0
2020-01-05T00:00:00.0000000+00:00,1308,0
2020-01-06T00:00:00.0000000+00:00,2969,2
2020-01-07T00:00:00.0000000+00:00,3144,18
2020-01-08T00:00:00.0000000+00:00,2829,23
2020-01-09T00:00:00.0000000+00:00,5082,16
2020-01-10T00:00:00.0000000+00:00,3160,0
2020-01-11T00:00:00.0000000+00:00,1505,7
2020-01-12T00:00:00.0000000+00:00,1567,0
2020-01-13T00:00:00.0000000+00:00,3136,26
2020-01-14T00:00:00.0000000+00:00,3901,187
2020-01-15T00:00:00.0000000+00:00,3238,0
2020-01-16T00:00:00.0000000+00:00,3171,18
2020-01-17T00:00:00.0000000+00:00,4283,0
2020-01-18T00:00:00.0000000+00:00,2029,0
2020-01-19T00:00:00.0000000+00:00,1672,0
2020-01-20T00:00:00.0000000+00:00,3157,1
2020-01-21T00:00:00.0000000+00:00,3444,1
2020-01-22T00:00:00.0000000+00:00,3098,8
2020-01-23T00:00:00.0000000+00:00,2813,27
2020-01-24T00:00:00.0000000+00:00,2435,0
2020-01-25T00:00:00.0000000+00:00,1153,0
2020-01-26T00:00:00.0000000+00:00,1464,1
2020-01-27T00:00:00.0000000+00:00,2808,0
2020-01-28T00:00:00.0000000+00:00,2832,1
2020-01-29T00:00:00.0000000+00:00,2336,4
2020-01-30T00:00:00.0000000+00:00,3010,1
2020-01-31T00:00:00.0000000+00:00,2174,20
2020-02-01T00:00:00.0000000+00:00,1436,0
2020-02-02T00:00:00.0000000+00:00,1871,0
2020-02-03T00:00:00.0000000+00:00,3566,3
2020-02-04T00:00:00.0000000+00:00,3285,2
2020-02-05T00:00:00.0000000+00:00,2950,1
2020-02-06T00:00:00.0000000+00:00,2713,5
2020-02-07T00:00:00.0000000+00:00,2695,1
2020-02-08T00:00:00.0000000+00:00,1496,0
2020-02-09T00:00:00.0000000+00:00,3426,1
2020-02-10T00:00:00.0000000+00:00,3138,3
2020-02-11T00:00:00.0000000+00:00,3045,2
2020-02-12T00:00:00.0000000+00:00,2684,1
2020-02-13T00:00:00.0000000+00:00,2996,0
2020-02-14T00:00:00.0000000+00:00,3113,1
2020-02-15T00:00:00.0000000+00:00,2331,3
2020-02-16T00:00:00.0000000+00:00,1335,0
2020-02-17T00:00:00.0000000+00:00,3005,0
2020-02-18T00:00:00.0000000+00:00,4489,7
2020-02-19T00:00:00.0000000+00:00,6020,2
2020-02-20T00:00:00.0000000+00:00,5103,1
2020-02-21T00:00:00.0000000+00:00,2964,0
2020-02-22T00:00:00.0000000+00:00,2191,1
2020-02-23T00:00:00.0000000+00:00,1649,1
2020-02-24T00:00:00.0000000+00:00,3086,4
2020-02-25T00:00:00.0000000+00:00,3928,0
2020-02-26T00:00:00.0000000+00:00,3520,1
2020-02-27T00:00:00.0000000+00:00,3020,0
2020-02-28T00:00:00.0000000+00:00,3686,3
2020-02-29T00:00:00.0000000+00:00,2406,84
2020-03-01T00:00:00.0000000+00:00,2078,29
2020-03-02T00:00:00.0000000+00:00,3749,109
2020-03-03T00:00:00.0000000+00:00,4056,1
2020-03-04T00:00:00.0000000+00:00,2948,167
2020-03-05T00:00:00.0000000+00:00,5144,144
2020-03-06T00:00:00.0000000+00:00,3896,1022
2020-03-07T00:00:00.0000000+00:00,1652,0
2020-03-08T00:00:00.0000000+00:00,1940,21
2020-03-09T00:00:00.0000000+00:00,3189,2
2020-03-10T00:00:00.0000000+00:00,5660,0
2020-03-11T00:00:00.0000000+00:00,3872,10
2020-03-12T00:00:00.0000000+00:00,4024,0
2020-03-13T00:00:00.0000000+00:00,2603,12
2020-03-14T00:00:00.0000000+00:00,1375,7
2020-03-15T00:00:00.0000000+00:00,1552,0
2020-03-16T00:00:00.0000000+00:00,3348,2
2020-03-17T00:00:00.0000000+00:00,3445,171
2020-03-18T00:00:00.0000000+00:00,3528,68
2020-03-19T00:00:00.0000000+00:00,4711,6
2020-03-20T00:00:00.0000000+00:00,3707,0
2020-03-21T00:00:00.0000000+00:00,1612,1
2020-03-22T00:00:00.0000000+00:00,2942,2
2020-03-23T00:00:00.0000000+00:00,3970,8
2020-03-24T00:00:00.0000000+00:00,4149,10
2020-03-25T00:00:00.0000000+00:00,3856,3
2020-03-26T00:00:00.0000000+00:00,4521,7
2020-03-27T00:00:00.0000000+00:00,3317,0
2020-03-28T00:00:00.0000000+00:00,1372,1
2020-03-29T00:00:00.0000000+00:00,1640,0
2020-03-30T00:00:00.0000000+00:00,4155,1
2020-03-31T00:00:00.0000000+00:00,3292,2
2020-04-01T00:00:00.0000000+00:00,3916,2
2020-04-02T00:00:00.0000000+00:00,5021,4
2020-04-03T00:00:00.0000000+00:00,4160,0
2020-04-04T00:00:00.0000000+00:00,1517,1
2020-04-05T00:00:00.0000000+00:00,1935,0
2020-04-06T00:00:00.0000000+00:00,3001,6
2020-04-07T00:00:00.0000000+00:00,3954,0
2020-04-08T00:00:00.0000000+00:00,3205,6
2020-04-09T00:00:00.0000000+00:00,3741,3
2020-04-10T00:00:00.0000000+00:00,3014,5
2020-04-11T00:00:00.0000000+00:00,1988,2
2020-04-12T00:00:00.0000000+00:00,1652,1
2020-04-13T00:00:00.0000000+00:00,4995,23
2020-04-14T00:00:00.0000000+00:00,3881,1
2020-04-15T00:00:00.0000000+00:00,3558,5
2020-04-16T00:00:00.0000000+00:00,4676,0
2020-04-17T00:00:00.0000000+00:00,3153,43
2020-04-18T00:00:00.0000000+00:00,2079,0
2020-04-19T00:00:00.0000000+00:00,2595,0
2020-04-20T00:00:00.0000000+00:00,4547,0
2020-04-21T00:00:00.0000000+00:00,3963,5
2020-04-22T00:00:00.0000000+00:00,4144,9
2020-04-23T00:00:00.0000000+00:00,3744,0
2020-04-24T00:00:00.0000000+00:00,3870,0
2020-04-25T00:00:00.0000000+00:00,1725,0
2020-04-26T00:00:00.0000000+00:00,1977,1
2020-04-27T00:00:00.0000000+00:00,4077,2
2020-04-28T00:00:00.0000000+00:00,5211,0
2020-04-29T00:00:00.0000000+00:00,3728,0
2020-04-30T00:00:00.0000000+00:00,3013,0
2020-05-01T00:00:00.0000000+00:00,2980,12
2020-05-02T00:00:00.0000000+00:00,1694,0
2020-05-03T00:00:00.0000000+00:00,2314,0
2020-05-04T00:00:00.0000000+00:00,3463,2
2020-05-05T00:00:00.0000000+00:00,3759,2
2020-05-06T00:00:00.0000000+00:00,3399,1
2020-05-07T00:00:00.0000000+00:00,4559,1
2020-05-08T00:00:00.0000000+00:00,3925,1
2020-05-09T00:00:00.0000000+00:00,2505,0
2020-05-10T00:00:00.0000000+00:00,2831,0
2020-05-11T00:00:00.0000000+00:00,3649,3
2020-05-12T00:00:00.0000000+00:00,4499,2
2020-05-13T00:00:00.0000000+00:00,4327,1
2020-05-14T00:00:00.0000000+00:00,3806,8
2020-05-15T00:00:00.0000000+00:00,3471,1
2020-05-16T00:00:00.0000000+00:00,1777,1
2020-05-17T00:00:00.0000000+00:00,1651,0
2020-05-18T00:00:00.0000000+00:00,4027,0
2020-05-19T00:00:00.0000000+00:00,4583,3
2020-05-20T00:00:00.0000000+00:00,3762,0
2020-05-21T00:00:00.0000000+00:00,3969,14
2020-05-22T00:00:00.0000000+00:00,4060,4
2020-05-23T00:00:00.0000000+00:00,1653,0
2020-05-24T00:00:00.0000000+00:00,1809,0
2020-05-25T00:00:00.0000000+00:00,2904,1
2020-05-26T00:00:00.0000000+00:00,3873,0
2020-05-27T00:00:00.0000000+00:00,3862,1
2020-05-28T00:00:00.0000000+00:00,3978,4
2020-05-29T00:00:00.0000000+00:00,2846,16
2020-05-30T00:00:00.0000000+00:00,1547,0
2020-05-31T00:00:00.0000000+00:00,1734,1
2020-06-01T00:00:00.0000000+00:00,3594,2
2020-06-02T00:00:00.0000000+00:00,4721,1
2020-06-03T00:00:00.0000000+00:00,4560,80
2020-06-04T00:00:00.0000000+00:00,4479,7
2020-06-05T00:00:00.0000000+00:00,3766,4
2020-06-06T00:00:00.0000000+00:00,1641,6
2020-06-07T00:00:00.0000000+00:00,1853,0
2020-06-08T00:00:00.0000000+00:00,3499,6
2020-06-09T00:00:00.0000000+00:00,4619,12
2020-06-10T00:00:00.0000000+00:00,4765,3
2020-06-11T00:00:00.0000000+00:00,4422,9
2020-06-12T00:00:00.0000000+00:00,3361,1
2020-06-13T00:00:00.0000000+00:00,1988,0
2020-06-14T00:00:00.0000000+00:00,1661,0
2020-06-15T00:00:00.0000000+00:00,3930,6
2020-06-16T00:00:00.0000000+00:00,3433,5
2020-06-17T00:00:00.0000000+00:00,3997,6
2020-06-18T00:00:00.0000000+00:00,3664,23
2020-06-19T00:00:00.0000000+00:00,3515,46
2020-06-20T00:00:00.0000000+00:00,1656,0
2020-06-21T00:00:00.0000000+00:00,1500,2
2020-06-22T00:00:00.0000000+00:00,3579,7
2020-06-23T00:00:00.0000000+00:00,3927,4
2020-06-24T00:00:00.0000000+00:00,3397,19
2020-06-25T00:00:00.0000000+00:00,3801,2
2020-06-26T00:00:00.0000000+00:00,2962,16
2020-06-27T00:00:00.0000000+00:00,1564,26
2020-06-28T00:00:00.0000000+00:00,2239,0
2020-06-29T00:00:00.0000000+00:00,4414,27
2020-06-30T00:00:00.0000000+00:00,4052,0
2020-07-01T00:00:00.0000000+00:00,3990,109
2020-07-02T00:00:00.0000000+00:00,4408,2
2020-07-03T00:00:00.0000000+00:00,3183,0
2020-07-04T00:00:00.0000000+00:00,1357,0
2020-07-05T00:00:00.0000000+00:00,1483,0
2020-07-06T00:00:00.0000000+00:00,3591,0
2020-07-07T00:00:00.0000000+00:00,4313,10
2020-07-08T00:00:00.0000000+00:00,3849,8
2020-07-09T00:00:00.0000000+00:00,4497,2
2020-07-10T00:00:00.0000000+00:00,3021,0
2020-07-11T00:00:00.0000000+00:00,1561,0
2020-07-12T00:00:00.0000000+00:00,1476,2
2020-07-13T00:00:00.0000000+00:00,3360,2
2020-07-14T00:00:00.0000000+00:00,4394,2
2020-07-15T00:00:00.0000000+00:00,4155,1
2020-07-16T00:00:00.0000000+00:00,3782,1
2020-07-17T00:00:00.0000000+00:00,4082,2
2020-07-18T00:00:00.0000000+00:00,1683,0
2020-07-19T00:00:00.0000000+00:00,1793,0
2020-07-20T00:00:00.0000000+00:00,3767,1
2020-07-21T00:00:00.0000000+00:00,4787,3
2020-07-22T00:00:00.0000000+00:00,4541,2
2020-07-23T00:00:00.0000000+00:00,3292,1
2020-07-24T00:00:00.0000000+00:00,3882,1
2020-07-25T00:00:00.0000000+00:00,1423,1
2020-07-26T00:00:00.0000000+00:00,1691,0
2020-07-27T00:00:00.0000000+00:00,3932,3
2020-07-28T00:00:00.0000000+00:00,3918,1
2020-07-29T00:00:00.0000000+00:00,3647,65
2020-07-30T00:00:00.0000000+00:00,4208,4
2020-07-31T00:00:00.0000000+00:00,3569,3
2020-08-01T00:00:00.0000000+00:00,1578,1
2020-08-02T00:00:00.0000000+00:00,1337,2
2020-08-03T00:00:00.0000000+00:00,3510,1
2020-08-04T00:00:00.0000000+00:00,4050,3
2020-08-05T00:00:00.0000000+00:00,3032,4
2020-08-06T00:00:00.0000000+00:00,3531,4
2020-08-07T00:00:00.0000000+00:00,3981,0
2020-08-08T00:00:00.0000000+00:00,2546,1
2020-08-09T00:00:00.0000000+00:00,1639,1
2020-08-10T00:00:00.0000000+00:00,3964,27
2020-08-11T00:00:00.0000000+00:00,3890,0
2020-08-12T00:00:00.0000000+00:00,3945,1
2020-08-13T00:00:00.0000000+00:00,4124,9
2020-08-14T00:00:00.0000000+00:00,4488,5
2020-08-15T00:00:00.0000000+00:00,1858,0
2020-08-16T00:00:00.0000000+00:00,1625,0
2020-08-17T00:00:00.0000000+00:00,5556,13
2020-08-18T00:00:00.0000000+00:00,3245,3
2020-08-19T00:00:00.0000000+00:00,3901,0
2020-08-20T00:00:00.0000000+00:00,7519,1
2020-08-21T00:00:00.0000000+00:00,3170,1
2020-08-22T00:00:00.0000000+00:00,1711,0
2020-08-23T00:00:00.0000000+00:00,2072,0
2020-08-24T00:00:00.0000000+00:00,3823,2
2020-08-25T00:00:00.0000000+00:00,4164,1
2020-08-26T00:00:00.0000000+00:00,4837,12
2020-08-27T00:00:00.0000000+00:00,5186,27
2020-08-28T00:00:00.0000000+00:00,3521,4
2020-08-29T00:00:00.0000000+00:00,1273,1
2020-08-30T00:00:00.0000000+00:00,1916,2
2020-08-31T00:00:00.0000000+00:00,2935,3
2020-09-01T00:00:00.0000000+00:00,4467,8
2020-09-02T00:00:00.0000000+00:00,3765,0
2020-09-03T00:00:00.0000000+00:00,5185,1
2020-09-04T00:00:00.0000000+00:00,3239,3
2020-09-05T00:00:00.0000000+00:00,1525,0
2020-09-06T00:00:00.0000000+00:00,1392,1
2020-09-07T00:00:00.0000000+00:00,3103,2
2020-09-08T00:00:00.0000000+00:00,4628,3
2020-09-09T00:00:00.0000000+00:00,3552,3
2020-09-10T00:00:00.0000000+00:00,6090,2
2020-09-11T00:00:00.0000000+00:00,3949,0
2020-09-12T00:00:00.0000000+00:00,1470,0
2020-09-13T00:00:00.0000000+00:00,1632,0
2020-09-14T00:00:00.0000000+00:00,3895,3
2020-09-15T00:00:00.0000000+00:00,4739,0
2020-09-16T00:00:00.0000000+00:00,3454,9
2020-09-17T00:00:00.0000000+00:00,4975,5
2020-09-18T00:00:00.0000000+00:00,3997,5
2020-09-19T00:00:00.0000000+00:00,1381,0
2020-09-20T00:00:00.0000000+00:00,1650,0
2020-09-21T00:00:00.0000000+00:00,4634,4
2020-09-22T00:00:00.0000000+00:00,3915,2
2020-09-23T00:00:00.0000000+00:00,3217,1
2020-09-24T00:00:00.0000000+00:00,5646,1
2020-09-25T00:00:00.0000000+00:00,4194,5
2020-09-26T00:00:00.0000000+00:00,1204,0
2020-09-27T00:00:00.0000000+00:00,1467,0
2020-09-28T00:00:00.0000000+00:00,3253,2
2020-09-29T00:00:00.0000000+00:00,3420,7
2020-09-30T00:00:00.0000000+00:00,3928,2
2020-10-01T00:00:00.0000000+00:00,4709,33
2020-10-02T00:00:00.0000000+00:00,3929,7
2020-10-03T00:00:00.0000000+00:00,2210,0
2020-10-04T00:00:00.0000000+00:00,2724,0
2020-10-05T00:00:00.0000000+00:00,2851,13
2020-10-06T00:00:00.0000000+00:00,3215,5
2020-10-07T00:00:00.0000000+00:00,3086,1
2020-10-08T00:00:00.0000000+00:00,3689,1
2020-10-09T00:00:00.0000000+00:00,3419,9
2020-10-10T00:00:00.0000000+00:00,1568,1
2020-10-11T00:00:00.0000000+00:00,1270,0
2020-10-12T00:00:00.0000000+00:00,5331,8
2020-10-13T00:00:00.0000000+00:00,4210,0
2020-10-14T00:00:00.0000000+00:00,3539,18
2020-10-15T00:00:00.0000000+00:00,4745,1
2020-10-16T00:00:00.0000000+00:00,4392,0
2020-10-17T00:00:00.0000000+00:00,2321,0
2020-10-18T00:00:00.0000000+00:00,2100,1
2020-10-19T00:00:00.0000000+00:00,3725,36
2020-10-20T00:00:00.0000000+00:00,4444,4
2020-10-21T00:00:00.0000000+00:00,3756,3
2020-10-22T00:00:00.0000000+00:00,4664,32
2020-10-23T00:00:00.0000000+00:00,3008,21
2020-10-24T00:00:00.0000000+00:00,1849,0
2020-10-25T00:00:00.0000000+00:00,2133,0
2020-10-26T00:00:00.0000000+00:00,3632,6
2020-10-27T00:00:00.0000000+00:00,5255,5
2020-10-28T00:00:00.0000000+00:00,3681,5
2020-10-29T00:00:00.0000000+00:00,4417,1
2020-10-30T00:00:00.0000000+00:00,2354,6
2020-10-31T00:00:00.0000000+00:00,1655,0
2020-11-01T00:00:00.0000000+00:00,1778,2
2020-11-02T00:00:00.0000000+00:00,3482,2
2020-11-03T00:00:00.0000000+00:00,4248,2
2020-11-04T00:00:00.0000000+00:00,3583,0
2020-11-05T00:00:00.0000000+00:00,7348,8
2020-11-06T00:00:00.0000000+00:00,3228,9
2020-11-07T00:00:00.0000000+00:00,2368,1
2020-11-08T00:00:00.0000000+00:00,2095,1
2020-11-09T00:00:00.0000000+00:00,4969,5
2020-11-10T00:00:00.0000000+00:00,5792,6
2020-11-11T00:00:00.0000000+00:00,6976,4
2020-11-12T00:00:00.0000000+00:00,5004,3
2020-11-13T00:00:00.0000000+00:00,5217,3
2020-11-14T00:00:00.0000000+00:00,2035,0
2020-11-15T00:00:00.0000000+00:00,1770,0
2020-11-16T00:00:00.0000000+00:00,3928,4
2020-11-17T00:00:00.0000000+00:00,5914,2
2020-11-18T00:00:00.0000000+00:00,4850,3
2020-11-19T00:00:00.0000000+00:00,7286,6
2020-11-20T00:00:00.0000000+00:00,4355,2
2020-11-21T00:00:00.0000000+00:00,2097,1
2020-11-22T00:00:00.0000000+00:00,2374,0
2020-11-23T00:00:00.0000000+00:00,5057,0
2020-11-24T00:00:00.0000000+00:00,4890,7
2020-11-25T00:00:00.0000000+00:00,3685,7
2020-11-26T00:00:00.0000000+00:00,3814,3
2020-11-27T00:00:00.0000000+00:00,3688,0
2020-11-28T00:00:00.0000000+00:00,1671,0
2020-11-29T00:00:00.0000000+00:00,2114,1
2020-11-30T00:00:00.0000000+00:00,4454,3
2020-12-01T00:00:00.0000000+00:00,4854,2
2020-12-02T00:00:00.0000000+00:00,4448,18
2020-12-03T00:00:00.0000000+00:00,6534,15
2020-12-04T00:00:00.0000000+00:00,3684,18
2020-12-05T00:00:00.0000000+00:00,1730,0
2020-12-06T00:00:00.0000000+00:00,1669,0
2020-12-07T00:00:00.0000000+00:00,3831,8
2020-12-08T00:00:00.0000000+00:00,4780,1
2020-12-09T00:00:00.0000000+00:00,3461,0
2020-12-10T00:00:00.0000000+00:00,4703,254
2020-12-11T00:00:00.0000000+00:00,3349,1
2020-12-12T00:00:00.0000000+00:00,2753,29
2020-12-13T00:00:00.0000000+00:00,1984,0
2020-12-14T00:00:00.0000000+00:00,4740,114
2020-12-15T00:00:00.0000000+00:00,5177,15
2020-12-16T00:00:00.0000000+00:00,4666,0
2020-12-17T00:00:00.0000000+00:00,4572,3
2020-12-18T00:00:00.0000000+00:00,4878,1
2020-12-19T00:00:00.0000000+00:00,1292,0
2020-12-20T00:00:00.0000000+00:00,1555,2
2020-12-21T00:00:00.0000000+00:00,3116,1
2020-12-22T00:00:00.0000000+00:00,4679,6
2020-12-23T00:00:00.0000000+00:00,6326,14
2020-12-24T00:00:00.0000000+00:00,3389,6
2020-12-25T00:00:00.0000000+00:00,1762,1
2020-12-26T00:00:00.0000000+00:00,1505,0
2020-12-27T00:00:00.0000000+00:00,2272,0
2020-12-28T00:00:00.0000000+00:00,3206,8
2020-12-29T00:00:00.0000000+00:00,5490,0
2020-12-30T00:00:00.0000000+00:00,4394,3
2020-12-31T00:00:00.0000000+00:00,2368,17
2021-01-01T00:00:00.0000000+00:00,1633,5
2021-01-02T00:00:00.0000000+00:00,1679,0
2021-01-03T00:00:00.0000000+00:00,2623,0
2021-01-04T00:00:00.0000000+00:00,3829,69
2021-01-05T00:00:00.0000000+00:00,4133,3
2021-01-06T00:00:00.0000000+00:00,4298,2
2021-01-07T00:00:00.0000000+00:00,3739,2
2021-01-08T00:00:00.0000000+00:00,3093,2
2021-01-09T00:00:00.0000000+00:00,2165,0
2021-01-10T00:00:00.0000000+00:00,1844,44
2021-01-11T00:00:00.0000000+00:00,4741,0
2021-01-12T00:00:00.0000000+00:00,4992,221
2021-01-13T00:00:00.0000000+00:00,4793,1
2021-01-14T00:00:00.0000000+00:00,5070,3
2021-01-15T00:00:00.0000000+00:00,3476,4
2021-01-16T00:00:00.0000000+00:00,1862,1
2021-01-17T00:00:00.0000000+00:00,1518,0
2021-01-18T00:00:00.0000000+00:00,4007,0
2021-01-19T00:00:00.0000000+00:00,4302,2
2021-01-20T00:00:00.0000000+00:00,4059,11
2021-01-21T00:00:00.0000000+00:00,4159,7
2021-01-22T00:00:00.0000000+00:00,3755,0
2021-01-23T00:00:00.0000000+00:00,2514,0
2021-01-24T00:00:00.0000000+00:00,1975,0
2021-01-25T00:00:00.0000000+00:00,3832,62
2021-01-26T00:00:00.0000000+00:00,4174,1
2021-01-27T00:00:00.0000000+00:00,3877,18
2021-01-28T00:00:00.0000000+00:00,4556,15
2021-01-29T00:00:00.0000000+00:00,3883,21
2021-01-30T00:00:00.0000000+00:00,2407,0
2021-01-31T00:00:00.0000000+00:00,1918,1
2021-02-01T00:00:00.0000000+00:00,4223,3
2021-02-02T00:00:00.0000000+00:00,4822,6
2021-02-03T00:00:00.0000000+00:00,3824,3
2021-02-04T00:00:00.0000000+00:00,4083,1
2021-02-05T00:00:00.0000000+00:00,3460,0
2021-02-06T00:00:00.0000000+00:00,1605,1
2021-02-07T00:00:00.0000000+00:00,2350,0
2021-02-08T00:00:00.0000000+00:00,3169,1
2021-02-09T00:00:00.0000000+00:00,7369,0
2021-02-10T00:00:00.0000000+00:00,3547,0
2021-02-11T00:00:00.0000000+00:00,4115,26
2021-02-12T00:00:00.0000000+00:00,4945,2
2021-02-13T00:00:00.0000000+00:00,1390,0
2021-02-14T00:00:00.0000000+00:00,2129,0
2021-02-15T00:00:00.0000000+00:00,3833,0
2021-02-16T00:00:00.0000000+00:00,4141,1
2021-02-17T00:00:00.0000000+00:00,3146,2
2021-02-18T00:00:00.0000000+00:00,3382,17
2021-02-19T00:00:00.0000000+00:00,5781,2
2021-02-20T00:00:00.0000000+00:00,2263,0
2021-02-21T00:00:00.0000000+00:00,1936,0
2021-02-22T00:00:00.0000000+00:00,3297,6
2021-02-23T00:00:00.0000000+00:00,4453,1
2021-02-24T00:00:00.0000000+00:00,4261,1
2021-02-25T00:00:00.0000000+00:00,3969,0
2021-02-26T00:00:00.0000000+00:00,4363,4
2021-02-27T00:00:00.0000000+00:00,2071,0
2021-02-28T00:00:00.0000000+00:00,1883,2
2021-03-01T00:00:00.0000000+00:00,5126,2
2021-03-02T00:00:00.0000000+00:00,4997,5
2021-03-03T00:00:00.0000000+00:00,5326,6
2021-03-04T00:00:00.0000000+00:00,6283,6
2021-03-05T00:00:00.0000000+00:00,6650,2
2021-03-06T00:00:00.0000000+00:00,2549,5
2021-03-07T00:00:00.0000000+00:00,1807,0
2021-03-08T00:00:00.0000000+00:00,5347,4
2021-03-09T00:00:00.0000000+00:00,5209,2
2021-03-10T00:00:00.0000000+00:00,4492,0
2021-03-11T00:00:00.0000000+00:00,5198,3
2021-03-12T00:00:00.0000000+00:00,4376,1592
2021-03-13T00:00:00.0000000+00:00,2382,0
2021-03-14T00:00:00.0000000+00:00,1700,0
2021-03-15T00:00:00.0000000+00:00,3603,0
2021-03-16T00:00:00.0000000+00:00,4580,6
2021-03-17T00:00:00.0000000+00:00,5219,1
2021-03-18T00:00:00.0000000+00:00,6129,3
2021-03-19T00:00:00.0000000+00:00,3586,2
2021-03-20T00:00:00.0000000+00:00,1791,1
2021-03-21T00:00:00.0000000+00:00,2080,0
2021-03-22T00:00:00.0000000+00:00,4490,2
2021-03-23T00:00:00.0000000+00:00,5478,1
2021-03-24T00:00:00.0000000+00:00,4612,5
2021-03-25T00:00:00.0000000+00:00,5106,16
2021-03-26T00:00:00.0000000+00:00,5011,4
2021-03-27T00:00:00.0000000+00:00,1654,0
2021-03-28T00:00:00.0000000+00:00,2105,0
2021-03-29T00:00:00.0000000+00:00,5599,0
2021-03-30T00:00:00.0000000+00:00,5052,1
2021-03-31T00:00:00.0000000+00:00,4594,2
2021-04-01T00:00:00.0000000+00:00,4225,2
2021-04-02T00:00:00.0000000+00:00,3990,0
2021-04-03T00:00:00.0000000+00:00,1886,16
2021-04-04T00:00:00.0000000+00:00,1750,1
2021-04-05T00:00:00.0000000+00:00,3128,9
2021-04-06T00:00:00.0000000+00:00,7151,1
2021-04-07T00:00:00.0000000+00:00,5326,2
2021-04-08T00:00:00.0000000+00:00,5646,3
2021-04-09T00:00:00.0000000+00:00,4198,0
2021-04-10T00:00:00.0000000+00:00,2510,1
2021-04-11T00:00:00.0000000+00:00,2828,0
2021-04-12T00:00:00.0000000+00:00,5285,4
2021-04-13T00:00:00.0000000+00:00,6100,17
2021-04-14T00:00:00.0000000+00:00,4001,23
2021-04-15T00:00:00.0000000+00:00,6569,4
2021-04-16T00:00:00.0000000+00:00,4139,0
2021-04-17T00:00:00.0000000+00:00,2155,1
2021-04-18T00:00:00.0000000+00:00,2166,0
2021-04-19T00:00:00.0000000+00:00,6508,0
2021-04-20T00:00:00.0000000+00:00,5017,1
2021-04-21T00:00:00.0000000+00:00,4635,1
2021-04-22T00:00:00.0000000+00:00,5667,1
2021-04-23T00:00:00.0000000+00:00,5169,0
2021-04-24T00:00:00.0000000+00:00,2429,0
2021-04-25T00:00:00.0000000+00:00,2442,0
2021-04-26T00:00:00.0000000+00:00,4690,1
2021-04-27T00:00:00.0000000+00:00,4763,1
2021-04-28T00:00:00.0000000+00:00,4790,0
2021-04-29T00:00:00.0000000+00:00,4436,0
2021-04-30T00:00:00.0000000+00:00,4086,6
2021-05-01T00:00:00.0000000+00:00,1566,0
2021-05-02T00:00:00.0000000+00:00,1573,0
2021-05-03T00:00:00.0000000+00:00,4048,1
2021-05-04T00:00:00.0000000+00:00,4495,2
2021-05-05T00:00:00.0000000+00:00,3887,11
2021-05-06T00:00:00.0000000+00:00,4337,1
2021-05-07T00:00:00.0000000+00:00,4596,4
2021-05-08T00:00:00.0000000+00:00,4718,12
2021-05-09T00:00:00.0000000+00:00,2528,0
2021-05-10T00:00:00.0000000+00:00,7358,1
2021-05-11T00:00:00.0000000+00:00,6610,6
2021-05-12T00:00:00.0000000+00:00,4130,0
2021-05-13T00:00:00.0000000+00:00,5492,1
2021-05-14T00:00:00.0000000+00:00,7619,0
2021-05-15T00:00:00.0000000+00:00,5437,1
2021-05-16T00:00:00.0000000+00:00,4190,1
2021-05-17T00:00:00.0000000+00:00,4704,1
2021-05-18T00:00:00.0000000+00:00,4382,1
2021-05-19T00:00:00.0000000+00:00,5136,4
2021-05-20T00:00:00.0000000+00:00,4960,8
2021-05-21T00:00:00.0000000+00:00,5272,7
2021-05-22T00:00:00.0000000+00:00,1393,0
2021-05-23T00:00:00.0000000+00:00,2772,0
2021-05-24T00:00:00.0000000+00:00,6414,0
2021-05-25T00:00:00.0000000+00:00,5634,2
2021-05-26T00:00:00.0000000+00:00,5885,3
2021-05-27T00:00:00.0000000+00:00,5707,6
2021-05-28T00:00:00.0000000+00:00,6781,26
2021-05-29T00:00:00.0000000+00:00,3489,0
2021-05-30T00:00:00.0000000+00:00,2339,0
2021-05-31T00:00:00.0000000+00:00,4772,1
2021-06-01T00:00:00.0000000+00:00,4214,16
2021-06-02T00:00:00.0000000+00:00,3177,1
2021-06-03T00:00:00.0000000+00:00,4460,12
2021-06-04T00:00:00.0000000+00:00,4618,19
2021-06-05T00:00:00.0000000+00:00,1930,0
2021-06-06T00:00:00.0000000+00:00,2083,0
2021-06-07T00:00:00.0000000+00:00,4109,10
2021-06-08T00:00:00.0000000+00:00,4424,66
2021-06-09T00:00:00.0000000+00:00,4354,0
2021-06-10T00:00:00.0000000+00:00,4157,30
2021-06-11T00:00:00.0000000+00:00,4684,62
2021-06-12T00:00:00.0000000+00:00,3489,0
2021-06-13T00:00:00.0000000+00:00,1345,0
2021-06-14T00:00:00.0000000+00:00,3454,3
2021-06-15T00:00:00.0000000+00:00,5039,0
2021-06-16T00:00:00.0000000+00:00,4284,2
2021-06-17T00:00:00.0000000+00:00,5201,0
2021-06-18T00:00:00.0000000+00:00,3505,0
2021-06-19T00:00:00.0000000+00:00,1967,1
2021-06-20T00:00:00.0000000+00:00,2009,0
2021-06-21T00:00:00.0000000+00:00,6582,6
2021-06-22T00:00:00.0000000+00:00,3669,0
2021-06-23T00:00:00.0000000+00:00,3892,1
2021-06-24T00:00:00.0000000+00:00,4046,0
2021-06-25T00:00:00.0000000+00:00,4610,0
2021-06-26T00:00:00.0000000+00:00,1545,6
2021-06-27T00:00:00.0000000+00:00,1650,1
2021-06-28T00:00:00.0000000+00:00,4600,3
2021-06-29T00:00:00.0000000+00:00,4309,2
2021-06-30T00:00:00.0000000+00:00,4669,0
2021-07-01T00:00:00.0000000+00:00,4536,4
2021-07-02T00:00:00.0000000+00:00,3378,7
2021-07-03T00:00:00.0000000+00:00,1545,2
2021-07-04T00:00:00.0000000+00:00,1707,1
2021-07-05T00:00:00.0000000+00:00,3424,8
2021-07-06T00:00:00.0000000+00:00,5415,0
2021-07-07T00:00:00.0000000+00:00,3246,0
2021-07-08T00:00:00.0000000+00:00,3769,3
2021-07-09T00:00:00.0000000+00:00,4061,4
2021-07-10T00:00:00.0000000+00:00,1656,0
2021-07-11T00:00:00.0000000+00:00,2694,0
2021-07-12T00:00:00.0000000+00:00,4071,6
2021-07-13T00:00:00.0000000+00:00,8446,3
2021-07-14T00:00:00.0000000+00:00,5215,11
2021-07-15T00:00:00.0000000+00:00,5996,2
2021-07-16T00:00:00.0000000+00:00,4930,2
2021-07-17T00:00:00.0000000+00:00,5471,1
2021-07-18T00:00:00.0000000+00:00,1963,0
2021-07-19T00:00:00.0000000+00:00,5829,1
2021-07-20T00:00:00.0000000+00:00,5099,3
2021-07-21T00:00:00.0000000+00:00,4118,0
2021-07-22T00:00:00.0000000+00:00,5119,2
2021-07-23T00:00:00.0000000+00:00,4190,0
2021-07-24T00:00:00.0000000+00:00,2702,3
2021-07-25T00:00:00.0000000+00:00,1890,0
2021-07-26T00:00:00.0000000+00:00,3012,38
2021-07-27T00:00:00.0000000+00:00,3792,4
2021-07-28T00:00:00.0000000+00:00,4627,0
2021-07-29T00:00:00.0000000+00:00,4615,4
2021-07-30T00:00:00.0000000+00:00,3187,2
2021-07-31T00:00:00.0000000+00:00,1741,6
2021-08-01T00:00:00.0000000+00:00,2266,0
2021-08-02T00:00:00.0000000+00:00,4499,1
2021-08-03T00:00:00.0000000+00:00,4266,0
2021-08-04T00:00:00.0000000+00:00,3708,1
2021-08-05T00:00:00.0000000+00:00,4614,0
2021-08-06T00:00:00.0000000+00:00,4697,22
2021-08-07T00:00:00.0000000+00:00,1624,0
2021-08-08T00:00:00.0000000+00:00,1501,0
2021-08-09T00:00:00.0000000+00:00,5793,6
2021-08-10T00:00:00.0000000+00:00,5828,1
2021-08-11T00:00:00.0000000+00:00,4630,7
2021-08-12T00:00:00.0000000+00:00,3602,6
2021-08-13T00:00:00.0000000+00:00,5324,8
2021-08-14T00:00:00.0000000+00:00,1233,0
2021-08-15T00:00:00.0000000+00:00,1549,0
2021-08-16T00:00:00.0000000+00:00,3681,1
2021-08-17T00:00:00.0000000+00:00,4284,1
2021-08-18T00:00:00.0000000+00:00,3522,3
2021-08-19T00:00:00.0000000+00:00,3720,6
2021-08-20T00:00:00.0000000+00:00,3157,1
2021-08-21T00:00:00.0000000+00:00,2679,0
2021-08-22T00:00:00.0000000+00:00,1596,0
2021-08-23T00:00:00.0000000+00:00,4453,2
2021-08-24T00:00:00.0000000+00:00,4702,0
2021-08-25T00:00:00.0000000+00:00,5632,3
2021-08-26T00:00:00.0000000+00:00,4840,3
2021-08-27T00:00:00.0000000+00:00,3730,0
2021-08-28T00:00:00.0000000+00:00,2277,0
2021-08-29T00:00:00.0000000+00:00,1899,0
2021-08-30T00:00:00.0000000+00:00,3649,2
2021-08-31T00:00:00.0000000+00:00,4674,4
2021-09-01T00:00:00.0000000+00:00,4175,1
2021-09-02T00:00:00.0000000+00:00,4750,0
2021-09-03T00:00:00.0000000+00:00,4269,3
2021-09-04T00:00:00.0000000+00:00,1351,0
2021-09-05T00:00:00.0000000+00:00,1182,0
2021-09-06T00:00:00.0000000+00:00,5157,0
2021-09-07T00:00:00.0000000+00:00,5000,1
2021-09-08T00:00:00.0000000+00:00,3786,4
2021-09-09T00:00:00.0000000+00:00,4432,0
2021-09-10T00:00:00.0000000+00:00,3856,2
2021-09-11T00:00:00.0000000+00:00,2976,0
2021-09-12T00:00:00.0000000+00:00,1666,0
2021-09-13T00:00:00.0000000+00:00,4368,1
2021-09-14T00:00:00.0000000+00:00,6047,4
2021-09-15T00:00:00.0000000+00:00,4821,4
2021-09-16T00:00:00.0000000+00:00,6165,0
2021-09-17T00:00:00.0000000+00:00,5074,2
2021-09-18T00:00:00.0000000+00:00,2366,0
2021-09-19T00:00:00.0000000+00:00,1513,0
2021-09-20T00:00:00.0000000+00:00,3488,0
2021-09-21T00:00:00.0000000+00:00,3140,0
2021-09-22T00:00:00.0000000+00:00,3898,21
2021-09-23T00:00:00.0000000+00:00,4077,3
