Key,Value
2015-02-01T00:00:00.0000000+00:00,53950
2015-02-02T00:00:00.0000000+00:00,39760
2015-02-03T00:00:00.0000000+00:00,89296
2015-02-04T00:00:00.0000000+00:00,60855
2015-02-05T00:00:00.0000000+00:00,61673
2015-02-06T00:00:00.0000000+00:00,48938
2015-02-07T00:00:00.0000000+00:00,53560
2015-02-08T00:00:00.0000000+00:00,8605
2015-02-09T00:00:00.0000000+00:00,1270
2015-02-12T00:00:00.0000000+00:00,3118
2015-02-13T00:00:00.0000000+00:00,897
2015-02-14T00:00:00.0000000+00:00,499
2015-02-15T00:00:00.0000000+00:00,452
2015-02-16T00:00:00.0000000+00:00,1366
2015-02-17T00:00:00.0000000+00:00,661
2015-02-18T00:00:00.0000000+00:00,846
2015-02-19T00:00:00.0000000+00:00,767
2015-02-20T00:00:00.0000000+00:00,1123
2015-02-21T00:00:00.0000000+00:00,477
2015-02-22T00:00:00.0000000+00:00,480
2015-02-23T00:00:00.0000000+00:00,764
2015-02-24T00:00:00.0000000+00:00,753
2015-02-25T00:00:00.0000000+00:00,832
2015-02-26T00:00:00.0000000+00:00,784
2015-02-27T00:00:00.0000000+00:00,632
2015-02-28T00:00:00.0000000+00:00,467
2015-03-01T00:00:00.0000000+00:00,378
2015-03-02T00:00:00.0000000+00:00,803
2015-03-03T00:00:00.0000000+00:00,900
2015-03-04T00:00:00.0000000+00:00,895
2015-03-05T00:00:00.0000000+00:00,942
2015-03-06T00:00:00.0000000+00:00,773
2015-03-07T00:00:00.0000000+00:00,477
2015-03-08T00:00:00.0000000+00:00,562
2015-03-09T00:00:00.0000000+00:00,886
2015-03-10T00:00:00.0000000+00:00,887
2015-03-11T00:00:00.0000000+00:00,939
2015-03-12T00:00:00.0000000+00:00,1663
2015-03-13T00:00:00.0000000+00:00,626
2015-03-14T00:00:00.0000000+00:00,800
2015-03-15T00:00:00.0000000+00:00,638
2015-03-16T00:00:00.0000000+00:00,706
2015-03-17T00:00:00.0000000+00:00,824
2015-03-18T00:00:00.0000000+00:00,601
2015-03-19T00:00:00.0000000+00:00,760
2015-03-20T00:00:00.0000000+00:00,846
2015-03-21T00:00:00.0000000+00:00,390
2015-03-22T00:00:00.0000000+00:00,600
2015-03-23T00:00:00.0000000+00:00,906
2015-03-24T00:00:00.0000000+00:00,805
2015-03-25T00:00:00.0000000+00:00,953
2015-03-26T00:00:00.0000000+00:00,863
2015-03-27T00:00:00.0000000+00:00,876
2015-03-28T00:00:00.0000000+00:00,500
2015-03-29T00:00:00.0000000+00:00,391
2015-03-30T00:00:00.0000000+00:00,790
2015-03-31T00:00:00.0000000+00:00,753
2015-04-01T00:00:00.0000000+00:00,965
2015-04-02T00:00:00.0000000+00:00,701
2015-04-03T00:00:00.0000000+00:00,618
2015-04-04T00:00:00.0000000+00:00,487
2015-04-05T00:00:00.0000000+00:00,388
2015-04-06T00:00:00.0000000+00:00,664
2015-04-07T00:00:00.0000000+00:00,1922
2015-04-08T00:00:00.0000000+00:00,607
2015-04-09T00:00:00.0000000+00:00,929
2015-04-10T00:00:00.0000000+00:00,708
2015-04-11T00:00:00.0000000+00:00,394
2015-04-12T00:00:00.0000000+00:00,491
2015-04-13T00:00:00.0000000+00:00,690
2015-04-14T00:00:00.0000000+00:00,734
2015-04-16T00:00:00.0000000+00:00,1569
2015-04-17T00:00:00.0000000+00:00,1219
2015-04-18T00:00:00.0000000+00:00,557
2015-04-19T00:00:00.0000000+00:00,573
2015-04-20T00:00:00.0000000+00:00,655
2015-04-21T00:00:00.0000000+00:00,1440
2015-04-22T00:00:00.0000000+00:00,1056
2015-04-23T00:00:00.0000000+00:00,825
2015-04-24T00:00:00.0000000+00:00,810
2015-04-27T00:00:00.0000000+00:00,2245
2015-04-28T00:00:00.0000000+00:00,910
2015-04-29T00:00:00.0000000+00:00,1449
2015-04-30T00:00:00.0000000+00:00,653
2015-05-01T00:00:00.0000000+00:00,927
2015-05-02T00:00:00.0000000+00:00,58
2015-05-04T00:00:00.0000000+00:00,2044
2015-05-05T00:00:00.0000000+00:00,637
2015-05-06T00:00:00.0000000+00:00,728
2015-05-07T00:00:00.0000000+00:00,925
2015-05-08T00:00:00.0000000+00:00,575
2015-05-09T00:00:00.0000000+00:00,334
2015-05-10T00:00:00.0000000+00:00,293
2015-05-11T00:00:00.0000000+00:00,553
2015-05-12T00:00:00.0000000+00:00,860
2015-05-13T00:00:00.0000000+00:00,733
2015-05-14T00:00:00.0000000+00:00,735
2015-05-15T00:00:00.0000000+00:00,1047
2015-05-16T00:00:00.0000000+00:00,679
2015-05-17T00:00:00.0000000+00:00,499
2015-05-18T00:00:00.0000000+00:00,1037
2015-05-19T00:00:00.0000000+00:00,558
2015-05-20T00:00:00.0000000+00:00,823
2015-05-21T00:00:00.0000000+00:00,705
2015-05-22T00:00:00.0000000+00:00,912
2015-05-23T00:00:00.0000000+00:00,500
2015-05-24T00:00:00.0000000+00:00,468
2015-05-25T00:00:00.0000000+00:00,241
2015-05-26T00:00:00.0000000+00:00,1216
2015-05-27T00:00:00.0000000+00:00,847
2015-05-28T00:00:00.0000000+00:00,768
2015-05-29T00:00:00.0000000+00:00,950
2015-05-30T00:00:00.0000000+00:00,645
2015-05-31T00:00:00.0000000+00:00,1189
2015-06-01T00:00:00.0000000+00:00,1727
2015-06-02T00:00:00.0000000+00:00,652
2015-06-03T00:00:00.0000000+00:00,796
2015-06-04T00:00:00.0000000+00:00,930
2015-06-05T00:00:00.0000000+00:00,668
2015-06-06T00:00:00.0000000+00:00,284
2015-06-07T00:00:00.0000000+00:00,578
2015-06-08T00:00:00.0000000+00:00,754
2015-06-09T00:00:00.0000000+00:00,975
2015-06-10T00:00:00.0000000+00:00,711
2015-06-11T00:00:00.0000000+00:00,674
2015-06-12T00:00:00.0000000+00:00,685
2015-06-13T00:00:00.0000000+00:00,333
2015-06-14T00:00:00.0000000+00:00,331
2015-06-15T00:00:00.0000000+00:00,703
2015-06-16T00:00:00.0000000+00:00,554
2015-06-17T00:00:00.0000000+00:00,942
2015-06-18T00:00:00.0000000+00:00,706
2015-06-19T00:00:00.0000000+00:00,660
2015-06-20T00:00:00.0000000+00:00,292
2015-06-21T00:00:00.0000000+00:00,360
2015-06-22T00:00:00.0000000+00:00,981
2015-06-23T00:00:00.0000000+00:00,787
2015-06-24T00:00:00.0000000+00:00,790
2015-06-25T00:00:00.0000000+00:00,754
2015-06-26T00:00:00.0000000+00:00,591
2015-06-27T00:00:00.0000000+00:00,379
2015-06-28T00:00:00.0000000+00:00,331
2015-06-29T00:00:00.0000000+00:00,629
2015-06-30T00:00:00.0000000+00:00,1092
2015-07-01T00:00:00.0000000+00:00,906
2015-07-02T00:00:00.0000000+00:00,886
2015-07-03T00:00:00.0000000+00:00,749
2015-07-04T00:00:00.0000000+00:00,272
2015-07-05T00:00:00.0000000+00:00,353
2015-07-06T00:00:00.0000000+00:00,769
2015-07-07T00:00:00.0000000+00:00,917
2015-07-08T00:00:00.0000000+00:00,759
2015-07-09T00:00:00.0000000+00:00,822
2015-07-10T00:00:00.0000000+00:00,663
2015-07-11T00:00:00.0000000+00:00,549
2015-07-12T00:00:00.0000000+00:00,601
2015-07-13T00:00:00.0000000+00:00,1232
2015-07-14T00:00:00.0000000+00:00,1166
2015-07-15T00:00:00.0000000+00:00,1262
2015-07-16T00:00:00.0000000+00:00,1140
2015-07-17T00:00:00.0000000+00:00,1108
2015-07-18T00:00:00.0000000+00:00,705
2015-07-19T00:00:00.0000000+00:00,301
2015-07-20T00:00:00.0000000+00:00,1013
2015-07-21T00:00:00.0000000+00:00,1046
2015-07-22T00:00:00.0000000+00:00,1354
2015-07-23T00:00:00.0000000+00:00,1280
2015-07-24T00:00:00.0000000+00:00,835
2015-07-25T00:00:00.0000000+00:00,348
2015-07-26T00:00:00.0000000+00:00,503
2015-07-27T00:00:00.0000000+00:00,1262
2015-07-28T00:00:00.0000000+00:00,866
2015-07-29T00:00:00.0000000+00:00,1474
2015-07-30T00:00:00.0000000+00:00,1303
2015-07-31T00:00:00.0000000+00:00,912
2015-08-01T00:00:00.0000000+00:00,536
2015-08-02T00:00:00.0000000+00:00,540
2015-08-03T00:00:00.0000000+00:00,719
2015-08-04T00:00:00.0000000+00:00,977
2015-08-05T00:00:00.0000000+00:00,766
2015-08-06T00:00:00.0000000+00:00,1123
2015-08-07T00:00:00.0000000+00:00,789
2015-08-08T00:00:00.0000000+00:00,626
2015-08-09T00:00:00.0000000+00:00,483
2015-08-10T00:00:00.0000000+00:00,722
2015-08-11T00:00:00.0000000+00:00,961
2015-08-12T00:00:00.0000000+00:00,1219
2015-08-13T00:00:00.0000000+00:00,1297
2015-08-14T00:00:00.0000000+00:00,1098
2015-08-15T00:00:00.0000000+00:00,561
2015-08-16T00:00:00.0000000+00:00,472
2015-08-17T00:00:00.0000000+00:00,874
2015-08-18T00:00:00.0000000+00:00,755
2015-08-19T00:00:00.0000000+00:00,1053
2015-08-20T00:00:00.0000000+00:00,845
2015-08-21T00:00:00.0000000+00:00,883
2015-08-22T00:00:00.0000000+00:00,332
2015-08-23T00:00:00.0000000+00:00,426
2015-08-24T00:00:00.0000000+00:00,873
2015-08-25T00:00:00.0000000+00:00,900
2015-08-26T00:00:00.0000000+00:00,1222
2015-08-27T00:00:00.0000000+00:00,965
2015-08-28T00:00:00.0000000+00:00,836
2015-08-29T00:00:00.0000000+00:00,376
2015-08-30T00:00:00.0000000+00:00,891
2015-08-31T00:00:00.0000000+00:00,874
2015-09-01T00:00:00.0000000+00:00,1835
2015-09-02T00:00:00.0000000+00:00,1062
2015-09-03T00:00:00.0000000+00:00,1019
2015-09-04T00:00:00.0000000+00:00,824
2015-09-05T00:00:00.0000000+00:00,491
2015-09-06T00:00:00.0000000+00:00,644
2015-09-07T00:00:00.0000000+00:00,952
2015-09-08T00:00:00.0000000+00:00,1074
2015-09-09T00:00:00.0000000+00:00,992
2015-09-10T00:00:00.0000000+00:00,844
2015-09-11T00:00:00.0000000+00:00,856
2015-09-12T00:00:00.0000000+00:00,445
2015-09-13T00:00:00.0000000+00:00,556
2015-09-14T00:00:00.0000000+00:00,1010
2015-09-15T00:00:00.0000000+00:00,791
2015-09-16T00:00:00.0000000+00:00,978
2015-09-17T00:00:00.0000000+00:00,1012
2015-09-18T00:00:00.0000000+00:00,887
2015-09-19T00:00:00.0000000+00:00,320
2015-09-20T00:00:00.0000000+00:00,485
2015-09-21T00:00:00.0000000+00:00,898
2015-09-22T00:00:00.0000000+00:00,1163
2015-09-23T00:00:00.0000000+00:00,1006
2015-09-24T00:00:00.0000000+00:00,875
2015-09-25T00:00:00.0000000+00:00,974
2015-09-26T00:00:00.0000000+00:00,430
2015-09-27T00:00:00.0000000+00:00,469
2015-09-28T00:00:00.0000000+00:00,906
2015-09-29T00:00:00.0000000+00:00,818
2015-09-30T00:00:00.0000000+00:00,1049
2015-10-01T00:00:00.0000000+00:00,1031
2015-10-02T00:00:00.0000000+00:00,949
2015-10-03T00:00:00.0000000+00:00,669
2015-10-04T00:00:00.0000000+00:00,4907
2015-10-05T00:00:00.0000000+00:00,858
2015-10-06T00:00:00.0000000+00:00,1117
2015-10-07T00:00:00.0000000+00:00,1000
2015-10-08T00:00:00.0000000+00:00,1071
2015-10-09T00:00:00.0000000+00:00,767
2015-10-10T00:00:00.0000000+00:00,630
2015-10-11T00:00:00.0000000+00:00,387
2015-10-12T00:00:00.0000000+00:00,845
2015-10-13T00:00:00.0000000+00:00,1048
2015-10-14T00:00:00.0000000+00:00,1240
2015-10-15T00:00:00.0000000+00:00,1742
2015-10-16T00:00:00.0000000+00:00,1081
2015-10-17T00:00:00.0000000+00:00,493
2015-10-18T00:00:00.0000000+00:00,412
2015-10-19T00:00:00.0000000+00:00,1092
2015-10-20T00:00:00.0000000+00:00,1066
2015-10-21T00:00:00.0000000+00:00,912
2015-10-22T00:00:00.0000000+00:00,912
2015-10-23T00:00:00.0000000+00:00,743
2015-10-24T00:00:00.0000000+00:00,536
2015-10-25T00:00:00.0000000+00:00,678
2015-10-26T00:00:00.0000000+00:00,1006
2015-10-27T00:00:00.0000000+00:00,1500
2015-10-28T00:00:00.0000000+00:00,1097
2015-10-29T00:00:00.0000000+00:00,1122
2015-10-30T00:00:00.0000000+00:00,772
2015-10-31T00:00:00.0000000+00:00,530
2015-11-01T00:00:00.0000000+00:00,588
2015-11-02T00:00:00.0000000+00:00,1253
2015-11-03T00:00:00.0000000+00:00,928
2015-11-04T00:00:00.0000000+00:00,953
2015-11-05T00:00:00.0000000+00:00,996
2015-11-06T00:00:00.0000000+00:00,880
2015-11-07T00:00:00.0000000+00:00,390
2015-11-08T00:00:00.0000000+00:00,506
2015-11-09T00:00:00.0000000+00:00,824
2015-11-10T00:00:00.0000000+00:00,905
2015-11-11T00:00:00.0000000+00:00,902
2015-11-12T00:00:00.0000000+00:00,1154
2015-11-13T00:00:00.0000000+00:00,1007
2015-11-14T00:00:00.0000000+00:00,505
2015-11-15T00:00:00.0000000+00:00,533
2015-11-16T00:00:00.0000000+00:00,1032
2015-11-17T00:00:00.0000000+00:00,1149
2015-11-18T00:00:00.0000000+00:00,1272
2015-11-19T00:00:00.0000000+00:00,987
2015-11-20T00:00:00.0000000+00:00,1133
2015-11-21T00:00:00.0000000+00:00,486
2015-11-22T00:00:00.0000000+00:00,329
2015-11-23T00:00:00.0000000+00:00,949
2015-11-24T00:00:00.0000000+00:00,1025
2015-11-25T00:00:00.0000000+00:00,1133
2015-11-26T00:00:00.0000000+00:00,853
2015-11-27T00:00:00.0000000+00:00,933
2015-11-28T00:00:00.0000000+00:00,727
2015-11-29T00:00:00.0000000+00:00,473
2015-11-30T00:00:00.0000000+00:00,981
2015-12-01T00:00:00.0000000+00:00,1363
2015-12-02T00:00:00.0000000+00:00,1340
2015-12-03T00:00:00.0000000+00:00,1261
2015-12-04T00:00:00.0000000+00:00,850
2015-12-05T00:00:00.0000000+00:00,568
2015-12-06T00:00:00.0000000+00:00,523
2015-12-07T00:00:00.0000000+00:00,956
2015-12-08T00:00:00.0000000+00:00,1119
2015-12-09T00:00:00.0000000+00:00,1183
2015-12-10T00:00:00.0000000+00:00,1611
2015-12-11T00:00:00.0000000+00:00,1855
2015-12-12T00:00:00.0000000+00:00,824
2015-12-13T00:00:00.0000000+00:00,604
2015-12-14T00:00:00.0000000+00:00,1290
2015-12-15T00:00:00.0000000+00:00,1250
2015-12-16T00:00:00.0000000+00:00,966
2015-12-17T00:00:00.0000000+00:00,1007
2015-12-18T00:00:00.0000000+00:00,971
2015-12-19T00:00:00.0000000+00:00,808
2015-12-20T00:00:00.0000000+00:00,356
2015-12-21T00:00:00.0000000+00:00,675
2015-12-22T00:00:00.0000000+00:00,1142
2015-12-23T00:00:00.0000000+00:00,1446
2015-12-24T00:00:00.0000000+00:00,1118
2015-12-25T00:00:00.0000000+00:00,733
2015-12-26T00:00:00.0000000+00:00,579
2015-12-27T00:00:00.0000000+00:00,618
2015-12-28T00:00:00.0000000+00:00,778
2015-12-29T00:00:00.0000000+00:00,943
2015-12-30T00:00:00.0000000+00:00,690
2015-12-31T00:00:00.0000000+00:00,514
2016-01-01T00:00:00.0000000+00:00,418
2016-01-02T00:00:00.0000000+00:00,442
2016-01-03T00:00:00.0000000+00:00,571
2016-01-04T00:00:00.0000000+00:00,849
2016-01-05T00:00:00.0000000+00:00,1213
2016-01-06T00:00:00.0000000+00:00,1504
2016-01-07T00:00:00.0000000+00:00,1309
2016-01-08T00:00:00.0000000+00:00,1194
2016-01-09T00:00:00.0000000+00:00,1039
2016-01-10T00:00:00.0000000+00:00,1300
2016-01-11T00:00:00.0000000+00:00,1920
2016-01-12T00:00:00.0000000+00:00,2176
2016-01-13T00:00:00.0000000+00:00,3526
2016-01-14T00:00:00.0000000+00:00,4099
2016-01-15T00:00:00.0000000+00:00,3985
2016-01-16T00:00:00.0000000+00:00,1273
2016-01-17T00:00:00.0000000+00:00,721
2016-01-18T00:00:00.0000000+00:00,1182
2016-01-19T00:00:00.0000000+00:00,1263
2016-01-20T00:00:00.0000000+00:00,1323
2016-01-21T00:00:00.0000000+00:00,910
2016-01-22T00:00:00.0000000+00:00,1118
2016-01-23T00:00:00.0000000+00:00,713
2016-01-24T00:00:00.0000000+00:00,617
2016-01-25T00:00:00.0000000+00:00,1230
2016-01-26T00:00:00.0000000+00:00,1153
2016-01-27T00:00:00.0000000+00:00,3469
2016-01-28T00:00:00.0000000+00:00,1087
2016-01-29T00:00:00.0000000+00:00,953
2016-01-30T00:00:00.0000000+00:00,462
2016-01-31T00:00:00.0000000+00:00,525
2016-02-01T00:00:00.0000000+00:00,1284
2016-02-02T00:00:00.0000000+00:00,1214
2016-02-03T00:00:00.0000000+00:00,1135
2016-02-04T00:00:00.0000000+00:00,1142
2016-02-05T00:00:00.0000000+00:00,1108
2016-02-06T00:00:00.0000000+00:00,513
2016-02-07T00:00:00.0000000+00:00,494
2016-02-08T00:00:00.0000000+00:00,1083
2016-02-09T00:00:00.0000000+00:00,1415
2016-02-10T00:00:00.0000000+00:00,870
2016-02-11T00:00:00.0000000+00:00,1630
2016-02-12T00:00:00.0000000+00:00,1689
2016-02-13T00:00:00.0000000+00:00,1063
2016-02-14T00:00:00.0000000+00:00,690
2016-02-15T00:00:00.0000000+00:00,1097
2016-02-16T00:00:00.0000000+00:00,3847
2016-02-17T00:00:00.0000000+00:00,1256
2016-02-18T00:00:00.0000000+00:00,1028
2016-02-19T00:00:00.0000000+00:00,1989
2016-02-20T00:00:00.0000000+00:00,744
2016-02-21T00:00:00.0000000+00:00,437
2016-02-22T00:00:00.0000000+00:00,1400
2016-02-23T00:00:00.0000000+00:00,2374
2016-02-24T00:00:00.0000000+00:00,1543
2016-02-25T00:00:00.0000000+00:00,1076
2016-02-26T00:00:00.0000000+00:00,1180
2016-02-27T00:00:00.0000000+00:00,641
2016-02-28T00:00:00.0000000+00:00,662
2016-02-29T00:00:00.0000000+00:00,1237
2016-03-01T00:00:00.0000000+00:00,1145
2016-03-02T00:00:00.0000000+00:00,1008
2016-03-03T00:00:00.0000000+00:00,1010
2016-03-04T00:00:00.0000000+00:00,1043
2016-03-05T00:00:00.0000000+00:00,678
2016-03-06T00:00:00.0000000+00:00,594
2016-03-07T00:00:00.0000000+00:00,1110
2016-03-08T00:00:00.0000000+00:00,990
2016-03-09T00:00:00.0000000+00:00,1041
2016-03-10T00:00:00.0000000+00:00,1711
2016-03-11T00:00:00.0000000+00:00,2161
2016-03-12T00:00:00.0000000+00:00,781
2016-03-13T00:00:00.0000000+00:00,778
2016-03-14T00:00:00.0000000+00:00,1472
2016-03-15T00:00:00.0000000+00:00,1312
2016-03-16T00:00:00.0000000+00:00,1158
2016-03-17T00:00:00.0000000+00:00,4086
2016-03-18T00:00:00.0000000+00:00,6289
2016-03-19T00:00:00.0000000+00:00,6571
2016-03-20T00:00:00.0000000+00:00,5546
2016-03-21T00:00:00.0000000+00:00,7574
2016-03-22T00:00:00.0000000+00:00,7492
2016-03-23T00:00:00.0000000+00:00,1028
2016-03-24T00:00:00.0000000+00:00,1062
2016-03-25T00:00:00.0000000+00:00,804
2016-03-26T00:00:00.0000000+00:00,600
2016-03-27T00:00:00.0000000+00:00,617
2016-03-28T00:00:00.0000000+00:00,988
2016-03-29T00:00:00.0000000+00:00,1302
2016-03-30T00:00:00.0000000+00:00,1424
2016-03-31T00:00:00.0000000+00:00,1691
2016-04-01T00:00:00.0000000+00:00,1110
2016-04-02T00:00:00.0000000+00:00,740
2016-04-03T00:00:00.0000000+00:00,590
2016-04-04T00:00:00.0000000+00:00,963
2016-04-05T00:00:00.0000000+00:00,3243
2016-04-06T00:00:00.0000000+00:00,1599
2016-04-07T00:00:00.0000000+00:00,1323
2016-04-08T00:00:00.0000000+00:00,1604
2016-04-09T00:00:00.0000000+00:00,625
2016-04-10T00:00:00.0000000+00:00,720
2016-04-11T00:00:00.0000000+00:00,1140
2016-04-12T00:00:00.0000000+00:00,1256
2016-04-13T00:00:00.0000000+00:00,1056
2016-04-14T00:00:00.0000000+00:00,2771
2016-04-15T00:00:00.0000000+00:00,1180
2016-04-16T00:00:00.0000000+00:00,477
2016-04-17T00:00:00.0000000+00:00,552
2016-04-18T00:00:00.0000000+00:00,1260
2016-04-19T00:00:00.0000000+00:00,1289
2016-04-20T00:00:00.0000000+00:00,1423
2016-04-21T00:00:00.0000000+00:00,1059
2016-04-22T00:00:00.0000000+00:00,976
2016-04-23T00:00:00.0000000+00:00,636
2016-04-24T00:00:00.0000000+00:00,646
2016-04-25T00:00:00.0000000+00:00,997
2016-04-26T00:00:00.0000000+00:00,957
2016-04-27T00:00:00.0000000+00:00,1233
2016-04-28T00:00:00.0000000+00:00,1092
2016-04-29T00:00:00.0000000+00:00,933
2016-04-30T00:00:00.0000000+00:00,632
2016-05-01T00:00:00.0000000+00:00,732
2016-05-02T00:00:00.0000000+00:00,763
2016-05-03T00:00:00.0000000+00:00,1046
2016-05-04T00:00:00.0000000+00:00,1220
2016-05-05T00:00:00.0000000+00:00,871
2016-05-06T00:00:00.0000000+00:00,1059
2016-05-07T00:00:00.0000000+00:00,466
2016-05-08T00:00:00.0000000+00:00,455
2016-05-09T00:00:00.0000000+00:00,1062
2016-05-10T00:00:00.0000000+00:00,1203
2016-05-11T00:00:00.0000000+00:00,882
2016-05-12T00:00:00.0000000+00:00,1069
2016-05-13T00:00:00.0000000+00:00,1111
2016-05-14T00:00:00.0000000+00:00,464
2016-05-15T00:00:00.0000000+00:00,445
2016-05-16T00:00:00.0000000+00:00,1479
2016-05-17T00:00:00.0000000+00:00,1131
2016-05-18T00:00:00.0000000+00:00,1314
2016-05-19T00:00:00.0000000+00:00,1304
2016-05-20T00:00:00.0000000+00:00,1195
2016-05-21T00:00:00.0000000+00:00,550
2016-05-22T00:00:00.0000000+00:00,588
2016-05-23T00:00:00.0000000+00:00,1215
2016-05-24T00:00:00.0000000+00:00,1328
2016-05-25T00:00:00.0000000+00:00,1396
2016-05-26T00:00:00.0000000+00:00,1327
2016-05-27T00:00:00.0000000+00:00,2828
2016-05-28T00:00:00.0000000+00:00,509
2016-05-29T00:00:00.0000000+00:00,505
2016-05-30T00:00:00.0000000+00:00,1066
2016-05-31T00:00:00.0000000+00:00,1280
2016-06-01T00:00:00.0000000+00:00,1381
2016-06-02T00:00:00.0000000+00:00,1635
2016-06-03T00:00:00.0000000+00:00,1141
2016-06-04T00:00:00.0000000+00:00,569
2016-06-05T00:00:00.0000000+00:00,668
2016-06-06T00:00:00.0000000+00:00,1084
2016-06-07T00:00:00.0000000+00:00,1781
2016-06-08T00:00:00.0000000+00:00,1274
2016-06-09T00:00:00.0000000+00:00,1214
2016-06-10T00:00:00.0000000+00:00,968
2016-06-11T00:00:00.0000000+00:00,733
2016-06-12T00:00:00.0000000+00:00,396
2016-06-13T00:00:00.0000000+00:00,1147
2016-06-14T00:00:00.0000000+00:00,1585
2016-06-15T00:00:00.0000000+00:00,1453
2016-06-16T00:00:00.0000000+00:00,1267
2016-06-17T00:00:00.0000000+00:00,1379
2016-06-18T00:00:00.0000000+00:00,805
2016-06-19T00:00:00.0000000+00:00,788
2016-06-20T00:00:00.0000000+00:00,1347
2016-06-21T00:00:00.0000000+00:00,1449
2016-06-22T00:00:00.0000000+00:00,1246
2016-06-23T00:00:00.0000000+00:00,1166
2016-06-24T00:00:00.0000000+00:00,1199
2016-06-25T00:00:00.0000000+00:00,573
2016-06-26T00:00:00.0000000+00:00,471
2016-06-27T00:00:00.0000000+00:00,1828
2016-06-28T00:00:00.0000000+00:00,2121
2016-06-29T00:00:00.0000000+00:00,1366
2016-06-30T00:00:00.0000000+00:00,1471
2016-07-01T00:00:00.0000000+00:00,1582
2016-07-02T00:00:00.0000000+00:00,580
2016-07-03T00:00:00.0000000+00:00,473
2016-07-04T00:00:00.0000000+00:00,1149
2016-07-05T00:00:00.0000000+00:00,1512
2016-07-06T00:00:00.0000000+00:00,970
2016-07-07T00:00:00.0000000+00:00,1425
2016-07-08T00:00:00.0000000+00:00,1183
2016-07-09T00:00:00.0000000+00:00,595
2016-07-10T00:00:00.0000000+00:00,547
2016-07-11T00:00:00.0000000+00:00,1051
2016-07-12T00:00:00.0000000+00:00,1447
2016-07-13T00:00:00.0000000+00:00,1253
2016-07-14T00:00:00.0000000+00:00,1414
2016-07-15T00:00:00.0000000+00:00,2281
2016-07-16T00:00:00.0000000+00:00,954
2016-07-17T00:00:00.0000000+00:00,1039
2016-07-18T00:00:00.0000000+00:00,1352
2016-07-19T00:00:00.0000000+00:00,1416
2016-07-20T00:00:00.0000000+00:00,1551
2016-07-21T00:00:00.0000000+00:00,1857
2016-07-22T00:00:00.0000000+00:00,1384
2016-07-23T00:00:00.0000000+00:00,690
2016-07-24T00:00:00.0000000+00:00,651
2016-07-25T00:00:00.0000000+00:00,895
2016-07-26T00:00:00.0000000+00:00,1175
2016-07-27T00:00:00.0000000+00:00,1020
2016-07-28T00:00:00.0000000+00:00,1282
2016-07-29T00:00:00.0000000+00:00,1241
2016-07-30T00:00:00.0000000+00:00,638
2016-07-31T00:00:00.0000000+00:00,572
2016-08-01T00:00:00.0000000+00:00,1060
2016-08-02T00:00:00.0000000+00:00,1118
2016-08-03T00:00:00.0000000+00:00,1260
2016-08-04T00:00:00.0000000+00:00,1426
2016-08-05T00:00:00.0000000+00:00,1118
2016-08-06T00:00:00.0000000+00:00,491
2016-08-07T00:00:00.0000000+00:00,439
2016-08-08T00:00:00.0000000+00:00,1329
2016-08-09T00:00:00.0000000+00:00,1579
2016-08-10T00:00:00.0000000+00:00,1211
2016-08-11T00:00:00.0000000+00:00,1724
2016-08-12T00:00:00.0000000+00:00,1282
2016-08-13T00:00:00.0000000+00:00,477
2016-08-14T00:00:00.0000000+00:00,441
2016-08-15T00:00:00.0000000+00:00,1048
2016-08-16T00:00:00.0000000+00:00,1179
2016-08-17T00:00:00.0000000+00:00,1083
2016-08-18T00:00:00.0000000+00:00,1236
2016-08-19T00:00:00.0000000+00:00,1059
2016-08-20T00:00:00.0000000+00:00,592
2016-08-21T00:00:00.0000000+00:00,569
2016-08-22T00:00:00.0000000+00:00,1247
2016-08-23T00:00:00.0000000+00:00,1318
2016-08-24T00:00:00.0000000+00:00,1482
2016-08-25T00:00:00.0000000+00:00,1132
2016-08-26T00:00:00.0000000+00:00,910
2016-08-27T00:00:00.0000000+00:00,491
2016-08-28T00:00:00.0000000+00:00,653
2016-08-29T00:00:00.0000000+00:00,1226
2016-08-30T00:00:00.0000000+00:00,934
2016-08-31T00:00:00.0000000+00:00,1132
2016-09-01T00:00:00.0000000+00:00,1244
2016-09-02T00:00:00.0000000+00:00,1276
2016-09-03T00:00:00.0000000+00:00,535
2016-09-04T00:00:00.0000000+00:00,743
2016-09-05T00:00:00.0000000+00:00,967
2016-09-06T00:00:00.0000000+00:00,1228
2016-09-07T00:00:00.0000000+00:00,1370
2016-09-08T00:00:00.0000000+00:00,1466
2016-09-09T00:00:00.0000000+00:00,1295
2016-09-10T00:00:00.0000000+00:00,590
2016-09-11T00:00:00.0000000+00:00,686
2016-09-12T00:00:00.0000000+00:00,1479
2016-09-13T00:00:00.0000000+00:00,1051
2016-09-14T00:00:00.0000000+00:00,1276
2016-09-15T00:00:00.0000000+00:00,1051
2016-09-16T00:00:00.0000000+00:00,1157
2016-09-17T00:00:00.0000000+00:00,596
2016-09-18T00:00:00.0000000+00:00,381
2016-09-19T00:00:00.0000000+00:00,1239
2016-09-20T00:00:00.0000000+00:00,1153
2016-09-21T00:00:00.0000000+00:00,1139
2016-09-22T00:00:00.0000000+00:00,1040
2016-09-23T00:00:00.0000000+00:00,1104
2016-09-24T00:00:00.0000000+00:00,420
2016-09-25T00:00:00.0000000+00:00,744
2016-09-26T00:00:00.0000000+00:00,1104
2016-09-27T00:00:00.0000000+00:00,1365
2016-09-28T00:00:00.0000000+00:00,1465
2016-09-29T00:00:00.0000000+00:00,1469
2016-09-30T00:00:00.0000000+00:00,1211
2016-10-01T00:00:00.0000000+00:00,440
2016-10-02T00:00:00.0000000+00:00,405
2016-10-03T00:00:00.0000000+00:00,1649
2016-10-04T00:00:00.0000000+00:00,1007
2016-10-05T00:00:00.0000000+00:00,1067
2016-10-06T00:00:00.0000000+00:00,1612
2016-10-07T00:00:00.0000000+00:00,1196
2016-10-08T00:00:00.0000000+00:00,561
2016-10-09T00:00:00.0000000+00:00,579
2016-10-10T00:00:00.0000000+00:00,1163
2016-10-11T00:00:00.0000000+00:00,1273
2016-10-12T00:00:00.0000000+00:00,1319
2016-10-13T00:00:00.0000000+00:00,1626
2016-10-14T00:00:00.0000000+00:00,1118
2016-10-15T00:00:00.0000000+00:00,655
2016-10-16T00:00:00.0000000+00:00,689
2016-10-17T00:00:00.0000000+00:00,1327
2016-10-18T00:00:00.0000000+00:00,1237
2016-10-19T00:00:00.0000000+00:00,1520
2016-10-20T00:00:00.0000000+00:00,1677
2016-10-21T00:00:00.0000000+00:00,1169
2016-10-22T00:00:00.0000000+00:00,558
2016-10-23T00:00:00.0000000+00:00,619
2016-10-24T00:00:00.0000000+00:00,1916
2016-10-25T00:00:00.0000000+00:00,1783
2016-10-26T00:00:00.0000000+00:00,1493
2016-10-27T00:00:00.0000000+00:00,1512
2016-10-28T00:00:00.0000000+00:00,1132
2016-10-29T00:00:00.0000000+00:00,583
2016-10-30T00:00:00.0000000+00:00,967
2016-10-31T00:00:00.0000000+00:00,1160
2016-11-01T00:00:00.0000000+00:00,1814
2016-11-02T00:00:00.0000000+00:00,1275
2016-11-03T00:00:00.0000000+00:00,1210
2016-11-04T00:00:00.0000000+00:00,1156
2016-11-05T00:00:00.0000000+00:00,857
2016-11-06T00:00:00.0000000+00:00,449
2016-11-07T00:00:00.0000000+00:00,1263
2016-11-08T00:00:00.0000000+00:00,1425
2016-11-09T00:00:00.0000000+00:00,1315
2016-11-10T00:00:00.0000000+00:00,1662
2016-11-11T00:00:00.0000000+00:00,1397
2016-11-12T00:00:00.0000000+00:00,687
2016-11-13T00:00:00.0000000+00:00,618
2016-11-14T00:00:00.0000000+00:00,1163
2016-11-15T00:00:00.0000000+00:00,1688
2016-11-16T00:00:00.0000000+00:00,2206
2016-11-17T00:00:00.0000000+00:00,1865
2016-11-18T00:00:00.0000000+00:00,2039
2016-11-19T00:00:00.0000000+00:00,600
2016-11-20T00:00:00.0000000+00:00,639
2016-11-21T00:00:00.0000000+00:00,2135
2016-11-22T00:00:00.0000000+00:00,1640
2016-11-23T00:00:00.0000000+00:00,1504
2016-11-24T00:00:00.0000000+00:00,1183
2016-11-25T00:00:00.0000000+00:00,1160
2016-11-26T00:00:00.0000000+00:00,301
2016-11-27T00:00:00.0000000+00:00,660
2016-11-28T00:00:00.0000000+00:00,1114
2016-11-29T00:00:00.0000000+00:00,1385
2016-11-30T00:00:00.0000000+00:00,1473
2016-12-01T00:00:00.0000000+00:00,1250
2016-12-02T00:00:00.0000000+00:00,1044
2016-12-03T00:00:00.0000000+00:00,969
2016-12-04T00:00:00.0000000+00:00,607
2016-12-05T00:00:00.0000000+00:00,1587
2016-12-06T00:00:00.0000000+00:00,1486
2016-12-07T00:00:00.0000000+00:00,1449
2016-12-08T00:00:00.0000000+00:00,1567
2016-12-09T00:00:00.0000000+00:00,1446
2016-12-10T00:00:00.0000000+00:00,630
2016-12-11T00:00:00.0000000+00:00,553
2016-12-12T00:00:00.0000000+00:00,1313
2016-12-13T00:00:00.0000000+00:00,2289
2016-12-14T00:00:00.0000000+00:00,3062
2016-12-15T00:00:00.0000000+00:00,1517
2016-12-16T00:00:00.0000000+00:00,1302
2016-12-17T00:00:00.0000000+00:00,621
2016-12-18T00:00:00.0000000+00:00,563
2016-12-19T00:00:00.0000000+00:00,1159
2016-12-20T00:00:00.0000000+00:00,1403
2016-12-21T00:00:00.0000000+00:00,1505
2016-12-22T00:00:00.0000000+00:00,1276
2016-12-23T00:00:00.0000000+00:00,1185
2016-12-24T00:00:00.0000000+00:00,394
2016-12-25T00:00:00.0000000+00:00,408
2016-12-26T00:00:00.0000000+00:00,911
2016-12-27T00:00:00.0000000+00:00,761
2016-12-28T00:00:00.0000000+00:00,909
2016-12-29T00:00:00.0000000+00:00,1030
2016-12-30T00:00:00.0000000+00:00,900
2016-12-31T00:00:00.0000000+00:00,419
2017-01-01T00:00:00.0000000+00:00,336
2017-01-02T00:00:00.0000000+00:00,824
2017-01-03T00:00:00.0000000+00:00,1220
2017-01-04T00:00:00.0000000+00:00,1293
2017-01-05T00:00:00.0000000+00:00,1491
2017-01-06T00:00:00.0000000+00:00,1497
2017-01-07T00:00:00.0000000+00:00,549
2017-01-08T00:00:00.0000000+00:00,896
2017-01-09T00:00:00.0000000+00:00,1239
2017-01-10T00:00:00.0000000+00:00,1573
2017-01-11T00:00:00.0000000+00:00,1245
2017-01-12T00:00:00.0000000+00:00,1148
2017-01-13T00:00:00.0000000+00:00,1137
2017-01-14T00:00:00.0000000+00:00,565
2017-01-15T00:00:00.0000000+00:00,677
2017-01-16T00:00:00.0000000+00:00,1214
2017-01-17T00:00:00.0000000+00:00,1409
2017-01-18T00:00:00.0000000+00:00,1332
2017-01-19T00:00:00.0000000+00:00,1406
2017-01-20T00:00:00.0000000+00:00,1497
2017-01-21T00:00:00.0000000+00:00,919
2017-01-22T00:00:00.0000000+00:00,653
2017-01-23T00:00:00.0000000+00:00,1172
2017-01-24T00:00:00.0000000+00:00,1704
2017-01-25T00:00:00.0000000+00:00,1528
2017-01-26T00:00:00.0000000+00:00,1720
2017-01-27T00:00:00.0000000+00:00,1230
2017-01-28T00:00:00.0000000+00:00,520
2017-01-29T00:00:00.0000000+00:00,829
2017-01-30T00:00:00.0000000+00:00,1327
2017-01-31T00:00:00.0000000+00:00,1781
2017-02-01T00:00:00.0000000+00:00,1497
2017-02-02T00:00:00.0000000+00:00,1329
2017-02-03T00:00:00.0000000+00:00,1651
2017-02-04T00:00:00.0000000+00:00,980
2017-02-05T00:00:00.0000000+00:00,1145
2017-02-06T00:00:00.0000000+00:00,1201
2017-02-07T00:00:00.0000000+00:00,1259
2017-02-08T00:00:00.0000000+00:00,11611
2017-02-09T00:00:00.0000000+00:00,2484
2017-02-10T00:00:00.0000000+00:00,1704
2017-02-11T00:00:00.0000000+00:00,700
2017-02-12T00:00:00.0000000+00:00,694
2017-02-13T00:00:00.0000000+00:00,1603
2017-02-14T00:00:00.0000000+00:00,1552
2017-02-15T00:00:00.0000000+00:00,1438
2017-02-16T00:00:00.0000000+00:00,1302
2017-02-17T00:00:00.0000000+00:00,1510
2017-02-18T00:00:00.0000000+00:00,924
2017-02-19T00:00:00.0000000+00:00,760
2017-02-20T00:00:00.0000000+00:00,1588
2017-02-21T00:00:00.0000000+00:00,1437
2017-02-22T00:00:00.0000000+00:00,1437
2017-02-23T00:00:00.0000000+00:00,1187
2017-02-24T00:00:00.0000000+00:00,1319
2017-02-25T00:00:00.0000000+00:00,1319
2017-02-26T00:00:00.0000000+00:00,968
2017-02-27T00:00:00.0000000+00:00,1771
2017-02-28T00:00:00.0000000+00:00,1893
2017-03-01T00:00:00.0000000+00:00,1195
2017-03-02T00:00:00.0000000+00:00,1422
2017-03-03T00:00:00.0000000+00:00,1261
2017-03-04T00:00:00.0000000+00:00,388
2017-03-05T00:00:00.0000000+00:00,682
2017-03-06T00:00:00.0000000+00:00,1685
2017-03-07T00:00:00.0000000+00:00,1486
2017-03-08T00:00:00.0000000+00:00,1665
2017-03-09T00:00:00.0000000+00:00,1451
2017-03-10T00:00:00.0000000+00:00,1554
2017-03-11T00:00:00.0000000+00:00,1163
2017-03-12T00:00:00.0000000+00:00,871
2017-03-13T00:00:00.0000000+00:00,1533
2017-03-14T00:00:00.0000000+00:00,1460
2017-03-15T00:00:00.0000000+00:00,1696
2017-03-16T00:00:00.0000000+00:00,1367
2017-03-17T00:00:00.0000000+00:00,1229
2017-03-18T00:00:00.0000000+00:00,761
2017-03-19T00:00:00.0000000+00:00,984
2017-03-20T00:00:00.0000000+00:00,1567
2017-03-21T00:00:00.0000000+00:00,1551
2017-03-22T00:00:00.0000000+00:00,1471
2017-03-23T00:00:00.0000000+00:00,1425
2017-03-24T00:00:00.0000000+00:00,1223
2017-03-25T00:00:00.0000000+00:00,963
2017-03-26T00:00:00.0000000+00:00,828
2017-03-27T00:00:00.0000000+00:00,1453
2017-03-28T00:00:00.0000000+00:00,2218
2017-03-29T00:00:00.0000000+00:00,1858
2017-03-30T00:00:00.0000000+00:00,2127
2017-03-31T00:00:00.0000000+00:00,2101
2017-04-01T00:00:00.0000000+00:00,1025
2017-04-02T00:00:00.0000000+00:00,752
2017-04-03T00:00:00.0000000+00:00,1670
2017-04-04T00:00:00.0000000+00:00,1652
2017-04-05T00:00:00.0000000+00:00,2602
2017-04-06T00:00:00.0000000+00:00,1793
2017-04-07T00:00:00.0000000+00:00,3554
2017-04-08T00:00:00.0000000+00:00,1070
2017-04-09T00:00:00.0000000+00:00,821
2017-04-10T00:00:00.0000000+00:00,1489
2017-04-11T00:00:00.0000000+00:00,1826
2017-04-12T00:00:00.0000000+00:00,1976
2017-04-13T00:00:00.0000000+00:00,1665
2017-04-14T00:00:00.0000000+00:00,915
2017-04-15T00:00:00.0000000+00:00,810
2017-04-16T00:00:00.0000000+00:00,588
2017-04-17T00:00:00.0000000+00:00,1112
2017-04-18T00:00:00.0000000+00:00,1456
2017-04-19T00:00:00.0000000+00:00,2263
2017-04-20T00:00:00.0000000+00:00,2421
2017-04-21T00:00:00.0000000+00:00,1687
2017-04-22T00:00:00.0000000+00:00,923
2017-04-23T00:00:00.0000000+00:00,637
2017-04-24T00:00:00.0000000+00:00,1615
2017-04-25T00:00:00.0000000+00:00,1336
2017-04-26T00:00:00.0000000+00:00,1660
2017-04-27T00:00:00.0000000+00:00,1539
2017-04-28T00:00:00.0000000+00:00,1692
2017-04-29T00:00:00.0000000+00:00,854
2017-04-30T00:00:00.0000000+00:00,458
2017-05-01T00:00:00.0000000+00:00,1066
2017-05-02T00:00:00.0000000+00:00,1330
2017-05-03T00:00:00.0000000+00:00,1505
2017-05-04T00:00:00.0000000+00:00,1659
2017-05-05T00:00:00.0000000+00:00,1602
2017-05-06T00:00:00.0000000+00:00,674
2017-05-07T00:00:00.0000000+00:00,636
2017-05-08T00:00:00.0000000+00:00,1588
2017-05-09T00:00:00.0000000+00:00,2294
2017-05-10T00:00:00.0000000+00:00,1816
2017-05-11T00:00:00.0000000+00:00,1665
2017-05-12T00:00:00.0000000+00:00,1704
2017-05-13T00:00:00.0000000+00:00,774
2017-05-14T00:00:00.0000000+00:00,762
2017-05-15T00:00:00.0000000+00:00,1345
2017-05-16T00:00:00.0000000+00:00,1443
2017-05-17T00:00:00.0000000+00:00,1674
2017-05-18T00:00:00.0000000+00:00,1464
2017-05-19T00:00:00.0000000+00:00,1664
2017-05-20T00:00:00.0000000+00:00,614
2017-05-21T00:00:00.0000000+00:00,687
2017-05-22T00:00:00.0000000+00:00,1574
2017-05-23T00:00:00.0000000+00:00,1623
2017-05-24T00:00:00.0000000+00:00,2069
2017-05-25T00:00:00.0000000+00:00,1724
2017-05-26T00:00:00.0000000+00:00,1494
2017-05-27T00:00:00.0000000+00:00,651
2017-05-28T00:00:00.0000000+00:00,599
2017-05-29T00:00:00.0000000+00:00,1396
2017-05-30T00:00:00.0000000+00:00,1341
2017-05-31T00:00:00.0000000+00:00,1677
2017-06-01T00:00:00.0000000+00:00,2417
2017-06-02T00:00:00.0000000+00:00,1461
2017-06-03T00:00:00.0000000+00:00,650
2017-06-04T00:00:00.0000000+00:00,787
2017-06-05T00:00:00.0000000+00:00,1381
2017-06-06T00:00:00.0000000+00:00,1605
2017-06-07T00:00:00.0000000+00:00,1855
2017-06-08T00:00:00.0000000+00:00,2647
2017-06-09T00:00:00.0000000+00:00,1481
2017-06-10T00:00:00.0000000+00:00,687
2017-06-11T00:00:00.0000000+00:00,747
2017-06-12T00:00:00.0000000+00:00,1074
2017-06-13T00:00:00.0000000+00:00,1612
2017-06-14T00:00:00.0000000+00:00,1678
2017-06-15T00:00:00.0000000+00:00,1494
2017-06-16T00:00:00.0000000+00:00,1531
2017-06-17T00:00:00.0000000+00:00,817
2017-06-18T00:00:00.0000000+00:00,680
2017-06-19T00:00:00.0000000+00:00,1416
2017-06-20T00:00:00.0000000+00:00,1587
2017-06-21T00:00:00.0000000+00:00,1552
2017-06-22T00:00:00.0000000+00:00,1491
2017-06-23T00:00:00.0000000+00:00,1560
2017-06-24T00:00:00.0000000+00:00,648
2017-06-25T00:00:00.0000000+00:00,519
2017-06-26T00:00:00.0000000+00:00,1259
2017-06-27T00:00:00.0000000+00:00,1618
2017-06-28T00:00:00.0000000+00:00,1739
2017-06-29T00:00:00.0000000+00:00,1508
2017-06-30T00:00:00.0000000+00:00,1588
2017-07-01T00:00:00.0000000+00:00,563
2017-07-02T00:00:00.0000000+00:00,545
2017-07-03T00:00:00.0000000+00:00,1275
2017-07-04T00:00:00.0000000+00:00,1640
2017-07-05T00:00:00.0000000+00:00,1899
2017-07-06T00:00:00.0000000+00:00,1738
2017-07-07T00:00:00.0000000+00:00,1755
2017-07-08T00:00:00.0000000+00:00,611
2017-07-09T00:00:00.0000000+00:00,487
2017-07-10T00:00:00.0000000+00:00,1281
2017-07-11T00:00:00.0000000+00:00,1487
2017-07-12T00:00:00.0000000+00:00,1725
2017-07-13T00:00:00.0000000+00:00,2053
2017-07-14T00:00:00.0000000+00:00,1798
2017-07-15T00:00:00.0000000+00:00,1190
2017-07-16T00:00:00.0000000+00:00,779
2017-07-17T00:00:00.0000000+00:00,1323
2017-07-18T00:00:00.0000000+00:00,1703
2017-07-19T00:00:00.0000000+00:00,1682
2017-07-20T00:00:00.0000000+00:00,1609
2017-07-21T00:00:00.0000000+00:00,2136
2017-07-22T00:00:00.0000000+00:00,893
2017-07-23T00:00:00.0000000+00:00,3552
2017-07-24T00:00:00.0000000+00:00,1288
2017-07-25T00:00:00.0000000+00:00,1650
2017-07-26T00:00:00.0000000+00:00,2034
2017-07-27T00:00:00.0000000+00:00,1771
2017-07-28T00:00:00.0000000+00:00,1709
2017-07-29T00:00:00.0000000+00:00,684
2017-07-30T00:00:00.0000000+00:00,811
2017-07-31T00:00:00.0000000+00:00,1440
2017-08-01T00:00:00.0000000+00:00,2045
2017-08-02T00:00:00.0000000+00:00,1754
2017-08-03T00:00:00.0000000+00:00,1687
2017-08-04T00:00:00.0000000+00:00,1674
2017-08-05T00:00:00.0000000+00:00,474
2017-08-06T00:00:00.0000000+00:00,580
2017-08-07T00:00:00.0000000+00:00,1838
2017-08-08T00:00:00.0000000+00:00,1429
2017-08-09T00:00:00.0000000+00:00,1632
2017-08-10T00:00:00.0000000+00:00,1390
2017-08-11T00:00:00.0000000+00:00,1956
2017-08-12T00:00:00.0000000+00:00,611
2017-08-13T00:00:00.0000000+00:00,556
2017-08-14T00:00:00.0000000+00:00,1676
2017-08-15T00:00:00.0000000+00:00,1971
2017-08-16T00:00:00.0000000+00:00,2060
2017-08-17T00:00:00.0000000+00:00,1563
2017-08-18T00:00:00.0000000+00:00,1647
2017-08-19T00:00:00.0000000+00:00,3096
2017-08-20T00:00:00.0000000+00:00,888
2017-08-21T00:00:00.0000000+00:00,7547
2017-08-22T00:00:00.0000000+00:00,3461
2017-08-23T00:00:00.0000000+00:00,1631
2017-08-24T00:00:00.0000000+00:00,1750
2017-08-25T00:00:00.0000000+00:00,1423
2017-08-26T00:00:00.0000000+00:00,688
2017-08-27T00:00:00.0000000+00:00,1253
2017-08-28T00:00:00.0000000+00:00,1566
2017-08-29T00:00:00.0000000+00:00,1760
2017-08-30T00:00:00.0000000+00:00,2493
2017-08-31T00:00:00.0000000+00:00,1875
2017-09-01T00:00:00.0000000+00:00,1827
2017-09-02T00:00:00.0000000+00:00,651
2017-09-03T00:00:00.0000000+00:00,670
2017-09-04T00:00:00.0000000+00:00,1718
2017-09-05T00:00:00.0000000+00:00,1943
2017-09-06T00:00:00.0000000+00:00,2286
2017-09-07T00:00:00.0000000+00:00,1948
2017-09-08T00:00:00.0000000+00:00,2788
2017-09-09T00:00:00.0000000+00:00,670
2017-09-10T00:00:00.0000000+00:00,862
2017-09-11T00:00:00.0000000+00:00,1695
2017-09-12T00:00:00.0000000+00:00,2025
2017-09-13T00:00:00.0000000+00:00,4073
2017-09-14T00:00:00.0000000+00:00,1713
2017-09-15T00:00:00.0000000+00:00,1430
2017-09-16T00:00:00.0000000+00:00,666
2017-09-17T00:00:00.0000000+00:00,679
2017-09-18T00:00:00.0000000+00:00,2188
2017-09-19T00:00:00.0000000+00:00,1999
2017-09-20T00:00:00.0000000+00:00,2755
2017-09-21T00:00:00.0000000+00:00,1852
2017-09-22T00:00:00.0000000+00:00,1832
2017-09-23T00:00:00.0000000+00:00,824
2017-09-24T00:00:00.0000000+00:00,650
2017-09-25T00:00:00.0000000+00:00,3963
2017-09-26T00:00:00.0000000+00:00,1920
2017-09-27T00:00:00.0000000+00:00,1730
2017-09-28T00:00:00.0000000+00:00,1422
2017-09-29T00:00:00.0000000+00:00,1469
2017-09-30T00:00:00.0000000+00:00,680
2017-10-01T00:00:00.0000000+00:00,1194
2017-10-02T00:00:00.0000000+00:00,1715
2017-10-03T00:00:00.0000000+00:00,2165
2017-10-04T00:00:00.0000000+00:00,2276
2017-10-05T00:00:00.0000000+00:00,1687
2017-10-06T00:00:00.0000000+00:00,1842
2017-10-07T00:00:00.0000000+00:00,905
2017-10-08T00:00:00.0000000+00:00,810
2017-10-09T00:00:00.0000000+00:00,1659
2017-10-10T00:00:00.0000000+00:00,1840
2017-10-11T00:00:00.0000000+00:00,1786
2017-10-12T00:00:00.0000000+00:00,1798
2017-10-13T00:00:00.0000000+00:00,1977
2017-10-14T00:00:00.0000000+00:00,670
2017-10-15T00:00:00.0000000+00:00,702
2017-10-16T00:00:00.0000000+00:00,1674
2017-10-17T00:00:00.0000000+00:00,1940
2017-10-18T00:00:00.0000000+00:00,2163
2017-10-19T00:00:00.0000000+00:00,1698
2017-10-20T00:00:00.0000000+00:00,1651
2017-10-21T00:00:00.0000000+00:00,820
2017-10-22T00:00:00.0000000+00:00,640
2017-10-23T00:00:00.0000000+00:00,2098
2017-10-24T00:00:00.0000000+00:00,2062
2017-10-25T00:00:00.0000000+00:00,2060
2017-10-26T00:00:00.0000000+00:00,2060
2017-10-27T00:00:00.0000000+00:00,1637
2017-10-28T00:00:00.0000000+00:00,791
2017-10-29T00:00:00.0000000+00:00,749
2017-10-30T00:00:00.0000000+00:00,2279
2017-10-31T00:00:00.0000000+00:00,2254
2017-11-01T00:00:00.0000000+00:00,2672
2017-11-02T00:00:00.0000000+00:00,2578
2017-11-03T00:00:00.0000000+00:00,1446
2017-11-04T00:00:00.0000000+00:00,1172
2017-11-05T00:00:00.0000000+00:00,719
2017-11-06T00:00:00.0000000+00:00,1746
2017-11-07T00:00:00.0000000+00:00,2043
2017-11-08T00:00:00.0000000+00:00,2170
2017-11-09T00:00:00.0000000+00:00,1924
2017-11-10T00:00:00.0000000+00:00,1768
2017-11-11T00:00:00.0000000+00:00,796
2017-11-12T00:00:00.0000000+00:00,3319
2017-11-13T00:00:00.0000000+00:00,1831
2017-11-14T00:00:00.0000000+00:00,2451
2017-11-15T00:00:00.0000000+00:00,2229
2017-11-16T00:00:00.0000000+00:00,1937
2017-11-17T00:00:00.0000000+00:00,2227
2017-11-18T00:00:00.0000000+00:00,836
2017-11-19T00:00:00.0000000+00:00,2116
2017-11-20T00:00:00.0000000+00:00,3433
2017-11-21T00:00:00.0000000+00:00,2071
2017-11-22T00:00:00.0000000+00:00,1534
2017-11-23T00:00:00.0000000+00:00,1478
2017-11-24T00:00:00.0000000+00:00,1555
2017-11-25T00:00:00.0000000+00:00,755
2017-11-26T00:00:00.0000000+00:00,991
2017-11-27T00:00:00.0000000+00:00,1546
2017-11-28T00:00:00.0000000+00:00,1879
2017-11-29T00:00:00.0000000+00:00,1830
2017-11-30T00:00:00.0000000+00:00,1791
2017-12-01T00:00:00.0000000+00:00,1639
2017-12-02T00:00:00.0000000+00:00,855
2017-12-03T00:00:00.0000000+00:00,983
2017-12-04T00:00:00.0000000+00:00,1959
2017-12-05T00:00:00.0000000+00:00,1866
2017-12-06T00:00:00.0000000+00:00,2994
2017-12-07T00:00:00.0000000+00:00,13223
2017-12-08T00:00:00.0000000+00:00,2356
2017-12-09T00:00:00.0000000+00:00,1273
2017-12-10T00:00:00.0000000+00:00,1303
2017-12-11T00:00:00.0000000+00:00,2841
2017-12-12T00:00:00.0000000+00:00,2595
2017-12-13T00:00:00.0000000+00:00,3711
2017-12-14T00:00:00.0000000+00:00,3785
2017-12-15T00:00:00.0000000+00:00,2565
2017-12-16T00:00:00.0000000+00:00,949
2017-12-17T00:00:00.0000000+00:00,1256
2017-12-18T00:00:00.0000000+00:00,1985
2017-12-19T00:00:00.0000000+00:00,2899
2017-12-20T00:00:00.0000000+00:00,1893
2017-12-21T00:00:00.0000000+00:00,2506
2017-12-22T00:00:00.0000000+00:00,3137
2017-12-23T00:00:00.0000000+00:00,1978
2017-12-24T00:00:00.0000000+00:00,1010
2017-12-25T00:00:00.0000000+00:00,1201
2017-12-26T00:00:00.0000000+00:00,1890
2017-12-27T00:00:00.0000000+00:00,1768
2017-12-28T00:00:00.0000000+00:00,1831
2017-12-29T00:00:00.0000000+00:00,2336
2017-12-30T00:00:00.0000000+00:00,1365
2017-12-31T00:00:00.0000000+00:00,875
2018-01-01T00:00:00.0000000+00:00,957
2018-01-02T00:00:00.0000000+00:00,2538
2018-01-03T00:00:00.0000000+00:00,2656
2018-01-04T00:00:00.0000000+00:00,1931
2018-01-05T00:00:00.0000000+00:00,2162
2018-01-06T00:00:00.0000000+00:00,1443
2018-01-07T00:00:00.0000000+00:00,1464
2018-01-08T00:00:00.0000000+00:00,2552
2018-01-09T00:00:00.0000000+00:00,3699
2018-01-10T00:00:00.0000000+00:00,2924
2018-01-11T00:00:00.0000000+00:00,3422
2018-01-12T00:00:00.0000000+00:00,2513
2018-01-13T00:00:00.0000000+00:00,1443
2018-01-14T00:00:00.0000000+00:00,1575
2018-01-15T00:00:00.0000000+00:00,2352
2018-01-16T00:00:00.0000000+00:00,3395
2018-01-17T00:00:00.0000000+00:00,3250
2018-01-18T00:00:00.0000000+00:00,5276
2018-01-19T00:00:00.0000000+00:00,2532
2018-01-20T00:00:00.0000000+00:00,3936
2018-01-21T00:00:00.0000000+00:00,1443
2018-01-22T00:00:00.0000000+00:00,2570
2018-01-23T00:00:00.0000000+00:00,3307
2018-01-24T00:00:00.0000000+00:00,2789
2018-01-25T00:00:00.0000000+00:00,4298
2018-01-26T00:00:00.0000000+00:00,2804
2018-01-27T00:00:00.0000000+00:00,1875
2018-01-28T00:00:00.0000000+00:00,1137
2018-01-29T00:00:00.0000000+00:00,2752
2018-01-30T00:00:00.0000000+00:00,2187
2018-01-31T00:00:00.0000000+00:00,2497
2018-02-01T00:00:00.0000000+00:00,3003
2018-02-02T00:00:00.0000000+00:00,2351
2018-02-03T00:00:00.0000000+00:00,1183
2018-02-04T00:00:00.0000000+00:00,1428
2018-02-05T00:00:00.0000000+00:00,2779
2018-02-06T00:00:00.0000000+00:00,2460
2018-02-07T00:00:00.0000000+00:00,3197
2018-02-08T00:00:00.0000000+00:00,2989
2018-02-09T00:00:00.0000000+00:00,2737
2018-02-10T00:00:00.0000000+00:00,1716
2018-02-11T00:00:00.0000000+00:00,1542
2018-02-12T00:00:00.0000000+00:00,4509
2018-02-13T00:00:00.0000000+00:00,5688
2018-02-14T00:00:00.0000000+00:00,3604
2018-02-15T00:00:00.0000000+00:00,3740
2018-02-16T00:00:00.0000000+00:00,4443
2018-02-17T00:00:00.0000000+00:00,3495
2018-02-18T00:00:00.0000000+00:00,2669
2018-02-19T00:00:00.0000000+00:00,2330
2018-02-20T00:00:00.0000000+00:00,3032
2018-02-21T00:00:00.0000000+00:00,3985
2018-02-22T00:00:00.0000000+00:00,3853
2018-02-23T00:00:00.0000000+00:00,3106
2018-02-24T00:00:00.0000000+00:00,1906
2018-02-25T00:00:00.0000000+00:00,1313
2018-02-26T00:00:00.0000000+00:00,3549
2018-02-27T00:00:00.0000000+00:00,3329
2018-02-28T00:00:00.0000000+00:00,3520
2018-03-01T00:00:00.0000000+00:00,3611
2018-03-02T00:00:00.0000000+00:00,3447
2018-03-03T00:00:00.0000000+00:00,1745
2018-03-04T00:00:00.0000000+00:00,1519
2018-03-05T00:00:00.0000000+00:00,2646
2018-03-06T00:00:00.0000000+00:00,2856
2018-03-07T00:00:00.0000000+00:00,3948
2018-03-08T00:00:00.0000000+00:00,2622
2018-03-09T00:00:00.0000000+00:00,1923
2018-03-10T00:00:00.0000000+00:00,1350
2018-03-11T00:00:00.0000000+00:00,1861
2018-03-12T00:00:00.0000000+00:00,2739
2018-03-13T00:00:00.0000000+00:00,4721
2018-03-14T00:00:00.0000000+00:00,3537
2018-03-15T00:00:00.0000000+00:00,3229
2018-03-16T00:00:00.0000000+00:00,2490
2018-03-17T00:00:00.0000000+00:00,1032
2018-03-18T00:00:00.0000000+00:00,1442
2018-03-19T00:00:00.0000000+00:00,4631
2018-03-20T00:00:00.0000000+00:00,3014
2018-03-21T00:00:00.0000000+00:00,3488
2018-03-22T00:00:00.0000000+00:00,2700
2018-03-23T00:00:00.0000000+00:00,3111
2018-03-24T00:00:00.0000000+00:00,2755
2018-03-25T00:00:00.0000000+00:00,1549
2018-03-26T00:00:00.0000000+00:00,3332
2018-03-27T00:00:00.0000000+00:00,3549
2018-03-28T00:00:00.0000000+00:00,4240
2018-03-29T00:00:00.0000000+00:00,5491
2018-03-30T00:00:00.0000000+00:00,2976
2018-03-31T00:00:00.0000000+00:00,1831
2018-04-01T00:00:00.0000000+00:00,1529
2018-04-02T00:00:00.0000000+00:00,2464
2018-04-03T00:00:00.0000000+00:00,2914
2018-04-04T00:00:00.0000000+00:00,3564
2018-04-05T00:00:00.0000000+00:00,3024
2018-04-06T00:00:00.0000000+00:00,2979
2018-04-07T00:00:00.0000000+00:00,1959
2018-04-08T00:00:00.0000000+00:00,1411
2018-04-09T00:00:00.0000000+00:00,2680
2018-04-10T00:00:00.0000000+00:00,3934
2018-04-11T00:00:00.0000000+00:00,2912
2018-04-12T00:00:00.0000000+00:00,2959
2018-04-13T00:00:00.0000000+00:00,2529
2018-04-14T00:00:00.0000000+00:00,1475
2018-04-15T00:00:00.0000000+00:00,1445
2018-04-16T00:00:00.0000000+00:00,4049
2018-04-17T00:00:00.0000000+00:00,3043
2018-04-18T00:00:00.0000000+00:00,6661
2018-04-19T00:00:00.0000000+00:00,3481
2018-04-20T00:00:00.0000000+00:00,10679
2018-04-21T00:00:00.0000000+00:00,7850
2018-04-22T00:00:00.0000000+00:00,1581
2018-04-23T00:00:00.0000000+00:00,2952
2018-04-24T00:00:00.0000000+00:00,4778
2018-04-25T00:00:00.0000000+00:00,3613
2018-04-26T00:00:00.0000000+00:00,3166
2018-04-27T00:00:00.0000000+00:00,2541
2018-04-28T00:00:00.0000000+00:00,1666
2018-04-29T00:00:00.0000000+00:00,1736
2018-04-30T00:00:00.0000000+00:00,2927
2018-05-01T00:00:00.0000000+00:00,2471
2018-05-02T00:00:00.0000000+00:00,4873
2018-05-03T00:00:00.0000000+00:00,3135
2018-05-04T00:00:00.0000000+00:00,3046
2018-05-05T00:00:00.0000000+00:00,1226
2018-05-06T00:00:00.0000000+00:00,2896
2018-05-07T00:00:00.0000000+00:00,2839
2018-05-08T00:00:00.0000000+00:00,3503
2018-05-09T00:00:00.0000000+00:00,2942
2018-05-10T00:00:00.0000000+00:00,3049
2018-05-11T00:00:00.0000000+00:00,2706
2018-05-12T00:00:00.0000000+00:00,1603
2018-05-13T00:00:00.0000000+00:00,1092
2018-05-14T00:00:00.0000000+00:00,2861
2018-05-15T00:00:00.0000000+00:00,2812
2018-05-16T00:00:00.0000000+00:00,3038
2018-05-17T00:00:00.0000000+00:00,3498
2018-05-18T00:00:00.0000000+00:00,2237
2018-05-19T00:00:00.0000000+00:00,1461
2018-05-20T00:00:00.0000000+00:00,1756
2018-05-21T00:00:00.0000000+00:00,2803
2018-05-22T00:00:00.0000000+00:00,2771
2018-05-23T00:00:00.0000000+00:00,3688
2018-05-24T00:00:00.0000000+00:00,3053
2018-05-25T00:00:00.0000000+00:00,3020
2018-05-26T00:00:00.0000000+00:00,1304
2018-05-27T00:00:00.0000000+00:00,1360
2018-05-28T00:00:00.0000000+00:00,2290
2018-05-29T00:00:00.0000000+00:00,3500
2018-05-30T00:00:00.0000000+00:00,2858
2018-05-31T00:00:00.0000000+00:00,3438
2018-06-01T00:00:00.0000000+00:00,3257
2018-06-02T00:00:00.0000000+00:00,1235
2018-06-03T00:00:00.0000000+00:00,1155
2018-06-04T00:00:00.0000000+00:00,2888
2018-06-05T00:00:00.0000000+00:00,3062
2018-06-06T00:00:00.0000000+00:00,3411
2018-06-07T00:00:00.0000000+00:00,2746
2018-06-08T00:00:00.0000000+00:00,2459
2018-06-09T00:00:00.0000000+00:00,7651
2018-06-10T00:00:00.0000000+00:00,1195
2018-06-11T00:00:00.0000000+00:00,2674
2018-06-12T00:00:00.0000000+00:00,3661
2018-06-13T00:00:00.0000000+00:00,4542
2018-06-14T00:00:00.0000000+00:00,2517
2018-06-15T00:00:00.0000000+00:00,3060
2018-06-16T00:00:00.0000000+00:00,2020
2018-06-17T00:00:00.0000000+00:00,1552
2018-06-18T00:00:00.0000000+00:00,3431
2018-06-19T00:00:00.0000000+00:00,3577
2018-06-20T00:00:00.0000000+00:00,3413
2018-06-21T00:00:00.0000000+00:00,3315
2018-06-22T00:00:00.0000000+00:00,2658
2018-06-23T00:00:00.0000000+00:00,1553
2018-06-24T00:00:00.0000000+00:00,1732
2018-06-25T00:00:00.0000000+00:00,3304
2018-06-26T00:00:00.0000000+00:00,3328
2018-06-27T00:00:00.0000000+00:00,2647
2018-06-28T00:00:00.0000000+00:00,3129
2018-06-29T00:00:00.0000000+00:00,2334
2018-06-30T00:00:00.0000000+00:00,1180
2018-07-01T00:00:00.0000000+00:00,1566
2018-07-02T00:00:00.0000000+00:00,3106
2018-07-03T00:00:00.0000000+00:00,3732
2018-07-04T00:00:00.0000000+00:00,3173
2018-07-05T00:00:00.0000000+00:00,3061
2018-07-06T00:00:00.0000000+00:00,2937
2018-07-07T00:00:00.0000000+00:00,1430
2018-07-08T00:00:00.0000000+00:00,1097
2018-07-09T00:00:00.0000000+00:00,3134
2018-07-10T00:00:00.0000000+00:00,3894
2018-07-11T00:00:00.0000000+00:00,2867
2018-07-12T00:00:00.0000000+00:00,3688
2018-07-13T00:00:00.0000000+00:00,3058
2018-07-14T00:00:00.0000000+00:00,1917
2018-07-15T00:00:00.0000000+00:00,1811
2018-07-16T00:00:00.0000000+00:00,3671
2018-07-17T00:00:00.0000000+00:00,3022
2018-07-18T00:00:00.0000000+00:00,3009
2018-07-19T00:00:00.0000000+00:00,2642
2018-07-20T00:00:00.0000000+00:00,3399
2018-07-21T00:00:00.0000000+00:00,1148
2018-07-22T00:00:00.0000000+00:00,586
2018-07-23T00:00:00.0000000+00:00,1820
2018-07-24T00:00:00.0000000+00:00,1473
2018-07-25T00:00:00.0000000+00:00,2048
2018-07-26T00:00:00.0000000+00:00,2072
2018-07-27T00:00:00.0000000+00:00,1664
2018-07-28T00:00:00.0000000+00:00,726
2018-07-29T00:00:00.0000000+00:00,1077
2018-07-30T00:00:00.0000000+00:00,1873
2018-07-31T00:00:00.0000000+00:00,1849
2018-08-01T00:00:00.0000000+00:00,2355
2018-08-02T00:00:00.0000000+00:00,2478
2018-08-03T00:00:00.0000000+00:00,2208
2018-08-04T00:00:00.0000000+00:00,835
2018-08-05T00:00:00.0000000+00:00,616
2018-08-06T00:00:00.0000000+00:00,1986
2018-08-07T00:00:00.0000000+00:00,1709
2018-08-08T00:00:00.0000000+00:00,2096
2018-08-09T00:00:00.0000000+00:00,2034
2018-08-10T00:00:00.0000000+00:00,1838
2018-08-11T00:00:00.0000000+00:00,594
2018-08-12T00:00:00.0000000+00:00,758
2018-08-13T00:00:00.0000000+00:00,1430
2018-08-14T00:00:00.0000000+00:00,1645
2018-08-15T00:00:00.0000000+00:00,2072
2018-08-16T00:00:00.0000000+00:00,2664
2018-08-17T00:00:00.0000000+00:00,1527
2018-08-18T00:00:00.0000000+00:00,724
2018-08-19T00:00:00.0000000+00:00,659
2018-08-20T00:00:00.0000000+00:00,1805
2018-08-21T00:00:00.0000000+00:00,3564
2018-08-22T00:00:00.0000000+00:00,4060
2018-08-23T00:00:00.0000000+00:00,3561
2018-08-24T00:00:00.0000000+00:00,4427
2018-08-25T00:00:00.0000000+00:00,1307
2018-08-26T00:00:00.0000000+00:00,1127
2018-08-27T00:00:00.0000000+00:00,5012
2018-08-28T00:00:00.0000000+00:00,4487
2018-08-29T00:00:00.0000000+00:00,2719
2018-08-30T00:00:00.0000000+00:00,2139
2018-08-31T00:00:00.0000000+00:00,1360
2018-09-01T00:00:00.0000000+00:00,894
2018-09-02T00:00:00.0000000+00:00,1012
2018-09-03T00:00:00.0000000+00:00,1505
2018-09-04T00:00:00.0000000+00:00,1525
2018-09-05T00:00:00.0000000+00:00,2186
2018-09-06T00:00:00.0000000+00:00,1916
2018-09-07T00:00:00.0000000+00:00,1831
2018-09-08T00:00:00.0000000+00:00,746
2018-09-09T00:00:00.0000000+00:00,945
2018-09-10T00:00:00.0000000+00:00,1786
2018-09-11T00:00:00.0000000+00:00,2118
2018-09-12T00:00:00.0000000+00:00,2543
2018-09-13T00:00:00.0000000+00:00,2147
2018-09-14T00:00:00.0000000+00:00,1895
2018-09-15T00:00:00.0000000+00:00,651
2018-09-16T00:00:00.0000000+00:00,761
2018-09-17T00:00:00.0000000+00:00,1654
2018-09-18T00:00:00.0000000+00:00,2122
2018-09-19T00:00:00.0000000+00:00,2789
2018-09-20T00:00:00.0000000+00:00,2704
2018-09-21T00:00:00.0000000+00:00,2719
2018-09-22T00:00:00.0000000+00:00,1149
2018-09-23T00:00:00.0000000+00:00,1560
2018-09-24T00:00:00.0000000+00:00,1784
2018-09-25T00:00:00.0000000+00:00,2007
2018-09-26T00:00:00.0000000+00:00,2235
2018-09-27T00:00:00.0000000+00:00,2779
2018-09-28T00:00:00.0000000+00:00,1713
2018-09-29T00:00:00.0000000+00:00,817
2018-09-30T00:00:00.0000000+00:00,784
2018-10-01T00:00:00.0000000+00:00,1739
2018-10-02T00:00:00.0000000+00:00,3571
2018-10-03T00:00:00.0000000+00:00,4935
2018-10-04T00:00:00.0000000+00:00,4824
2018-10-05T00:00:00.0000000+00:00,4888
2018-10-06T00:00:00.0000000+00:00,4800
2018-10-07T00:00:00.0000000+00:00,4762
2018-10-08T00:00:00.0000000+00:00,4769
2018-10-09T00:00:00.0000000+00:00,4517
2018-10-10T00:00:00.0000000+00:00,4047
2018-10-11T00:00:00.0000000+00:00,9610
2018-10-12T00:00:00.0000000+00:00,9486
2018-10-13T00:00:00.0000000+00:00,9443
2018-10-14T00:00:00.0000000+00:00,9313
2018-10-15T00:00:00.0000000+00:00,9145
2018-10-16T00:00:00.0000000+00:00,9341
2018-10-17T00:00:00.0000000+00:00,9439
2018-10-18T00:00:00.0000000+00:00,9264
2018-10-19T00:00:00.0000000+00:00,9222
2018-10-20T00:00:00.0000000+00:00,9628
2018-10-21T00:00:00.0000000+00:00,6776
2018-10-22T00:00:00.0000000+00:00,3831
2018-10-23T00:00:00.0000000+00:00,2318
2018-10-24T00:00:00.0000000+00:00,3333
2018-10-25T00:00:00.0000000+00:00,9490
2018-10-26T00:00:00.0000000+00:00,9533
2018-10-27T00:00:00.0000000+00:00,9454
2018-10-28T00:00:00.0000000+00:00,9476
2018-10-29T00:00:00.0000000+00:00,9370
2018-10-30T00:00:00.0000000+00:00,7776
2018-10-31T00:00:00.0000000+00:00,6432
2018-11-01T00:00:00.0000000+00:00,13683
2018-11-02T00:00:00.0000000+00:00,9609
2018-11-03T00:00:00.0000000+00:00,9273
2018-11-04T00:00:00.0000000+00:00,9349
2018-11-05T00:00:00.0000000+00:00,10504
2018-11-06T00:00:00.0000000+00:00,15043
2018-11-07T00:00:00.0000000+00:00,10301
2018-11-08T00:00:00.0000000+00:00,8427
2018-11-09T00:00:00.0000000+00:00,7690
2018-11-10T00:00:00.0000000+00:00,5776
2018-11-11T00:00:00.0000000+00:00,5709
2018-11-12T00:00:00.0000000+00:00,5896
2018-11-13T00:00:00.0000000+00:00,6250
2018-11-14T00:00:00.0000000+00:00,6327
2018-11-15T00:00:00.0000000+00:00,3237
2018-11-16T00:00:00.0000000+00:00,27681
2018-11-17T00:00:00.0000000+00:00,28690
2018-11-18T00:00:00.0000000+00:00,28666
2018-11-19T00:00:00.0000000+00:00,13906
2018-11-20T00:00:00.0000000+00:00,20300
2018-11-21T00:00:00.0000000+00:00,31374
2018-11-22T00:00:00.0000000+00:00,34482
2018-11-23T00:00:00.0000000+00:00,35524
2018-11-24T00:00:00.0000000+00:00,35651
2018-11-25T00:00:00.0000000+00:00,35272
2018-11-26T00:00:00.0000000+00:00,27061
2018-11-27T00:00:00.0000000+00:00,35420
2018-11-28T00:00:00.0000000+00:00,35370
2018-11-29T00:00:00.0000000+00:00,35697
2018-11-30T00:00:00.0000000+00:00,35599
2018-12-01T00:00:00.0000000+00:00,35539
2018-12-02T00:00:00.0000000+00:00,35369
2018-12-03T00:00:00.0000000+00:00,35570
2018-12-04T00:00:00.0000000+00:00,31531
2018-12-05T00:00:00.0000000+00:00,36345
2018-12-06T00:00:00.0000000+00:00,44457
2018-12-07T00:00:00.0000000+00:00,57224
2018-12-08T00:00:00.0000000+00:00,57265
2018-12-09T00:00:00.0000000+00:00,57210
2018-12-10T00:00:00.0000000+00:00,58760
2018-12-11T00:00:00.0000000+00:00,52463
2018-12-12T00:00:00.0000000+00:00,14745
2018-12-13T00:00:00.0000000+00:00,47860
2018-12-14T00:00:00.0000000+00:00,58993
2018-12-15T00:00:00.0000000+00:00,64394
2018-12-16T00:00:00.0000000+00:00,50881
2018-12-17T00:00:00.0000000+00:00,8188
2018-12-18T00:00:00.0000000+00:00,61821
2018-12-19T00:00:00.0000000+00:00,61733
2018-12-20T00:00:00.0000000+00:00,10332
2018-12-21T00:00:00.0000000+00:00,10174
2018-12-22T00:00:00.0000000+00:00,9818
2018-12-23T00:00:00.0000000+00:00,9934
2018-12-24T00:00:00.0000000+00:00,9969
2018-12-25T00:00:00.0000000+00:00,9997
2018-12-26T00:00:00.0000000+00:00,10182
2018-12-27T00:00:00.0000000+00:00,10099
2018-12-28T00:00:00.0000000+00:00,10200
2018-12-29T00:00:00.0000000+00:00,9843
2018-12-30T00:00:00.0000000+00:00,4757
2018-12-31T00:00:00.0000000+00:00,2034
2019-01-01T00:00:00.0000000+00:00,9788
2019-01-02T00:00:00.0000000+00:00,10620
2019-01-03T00:00:00.0000000+00:00,14213
2019-01-04T00:00:00.0000000+00:00,7245
2019-01-05T00:00:00.0000000+00:00,5802
2019-01-06T00:00:00.0000000+00:00,881
2019-01-07T00:00:00.0000000+00:00,3202
2019-01-08T00:00:00.0000000+00:00,5655
2019-01-09T00:00:00.0000000+00:00,10664
2019-01-10T00:00:00.0000000+00:00,9392
2019-01-11T00:00:00.0000000+00:00,1987
2019-01-12T00:00:00.0000000+00:00,994
2019-01-13T00:00:00.0000000+00:00,997
2019-01-14T00:00:00.0000000+00:00,2337
2019-01-15T00:00:00.0000000+00:00,2145
2019-01-16T00:00:00.0000000+00:00,2607
2019-01-17T00:00:00.0000000+00:00,2584
2019-01-18T00:00:00.0000000+00:00,1923
2019-01-19T00:00:00.0000000+00:00,1685
2019-01-20T00:00:00.0000000+00:00,936
2019-01-21T00:00:00.0000000+00:00,1919
2019-01-22T00:00:00.0000000+00:00,2288
2019-01-23T00:00:00.0000000+00:00,1693
2019-01-24T00:00:00.0000000+00:00,2239
2019-01-25T00:00:00.0000000+00:00,2235
2019-01-26T00:00:00.0000000+00:00,993
2019-01-27T00:00:00.0000000+00:00,1111
2019-01-28T00:00:00.0000000+00:00,1908
2019-01-29T00:00:00.0000000+00:00,2513
2019-01-30T00:00:00.0000000+00:00,2587
2019-01-31T00:00:00.0000000+00:00,5272
2019-02-01T00:00:00.0000000+00:00,5034
2019-02-02T00:00:00.0000000+00:00,874
2019-02-03T00:00:00.0000000+00:00,952
2019-02-04T00:00:00.0000000+00:00,2562
2019-02-05T00:00:00.0000000+00:00,1943
2019-02-06T00:00:00.0000000+00:00,1511
2019-02-07T00:00:00.0000000+00:00,2183
2019-02-08T00:00:00.0000000+00:00,2603
2019-02-09T00:00:00.0000000+00:00,861
2019-02-10T00:00:00.0000000+00:00,1164
2019-02-11T00:00:00.0000000+00:00,1870
2019-02-12T00:00:00.0000000+00:00,2258
2019-02-13T00:00:00.0000000+00:00,3449
2019-02-14T00:00:00.0000000+00:00,2328
2019-02-15T00:00:00.0000000+00:00,2111
2019-02-16T00:00:00.0000000+00:00,1227
2019-02-17T00:00:00.0000000+00:00,1101
2019-02-18T00:00:00.0000000+00:00,1683
2019-02-19T00:00:00.0000000+00:00,2345
2019-02-20T00:00:00.0000000+00:00,2500
2019-02-21T00:00:00.0000000+00:00,1819
2019-02-22T00:00:00.0000000+00:00,2453
2019-02-23T00:00:00.0000000+00:00,1302
2019-02-24T00:00:00.0000000+00:00,1034
2019-02-25T00:00:00.0000000+00:00,2114
2019-02-26T00:00:00.0000000+00:00,2780
2019-02-27T00:00:00.0000000+00:00,2272
2019-02-28T00:00:00.0000000+00:00,3112
2019-03-01T00:00:00.0000000+00:00,2268
2019-03-02T00:00:00.0000000+00:00,998
2019-03-03T00:00:00.0000000+00:00,1758
2019-03-04T00:00:00.0000000+00:00,2300
2019-03-05T00:00:00.0000000+00:00,2437
2019-03-06T00:00:00.0000000+00:00,3841
2019-03-07T00:00:00.0000000+00:00,2417
2019-03-08T00:00:00.0000000+00:00,1740
2019-03-09T00:00:00.0000000+00:00,1099
2019-03-10T00:00:00.0000000+00:00,1034
2019-03-11T00:00:00.0000000+00:00,2377
2019-03-12T00:00:00.0000000+00:00,3135
2019-03-13T00:00:00.0000000+00:00,2933
2019-03-14T00:00:00.0000000+00:00,2259
2019-03-15T00:00:00.0000000+00:00,4666
2019-03-16T00:00:00.0000000+00:00,1171
2019-03-17T00:00:00.0000000+00:00,1400
2019-03-18T00:00:00.0000000+00:00,3541
2019-03-19T00:00:00.0000000+00:00,2465
2019-03-20T00:00:00.0000000+00:00,3105
2019-03-21T00:00:00.0000000+00:00,3782
2019-03-22T00:00:00.0000000+00:00,2388
2019-03-23T00:00:00.0000000+00:00,947
2019-03-24T00:00:00.0000000+00:00,1185
2019-03-25T00:00:00.0000000+00:00,1997
2019-03-26T00:00:00.0000000+00:00,2300
2019-03-27T00:00:00.0000000+00:00,2329
2019-03-28T00:00:00.0000000+00:00,2835
2019-03-29T00:00:00.0000000+00:00,2905
2019-03-30T00:00:00.0000000+00:00,1387
2019-03-31T00:00:00.0000000+00:00,908
2019-04-01T00:00:00.0000000+00:00,2189
2019-04-02T00:00:00.0000000+00:00,3422
2019-04-03T00:00:00.0000000+00:00,2882
2019-04-04T00:00:00.0000000+00:00,2806
2019-04-05T00:00:00.0000000+00:00,2906
2019-04-06T00:00:00.0000000+00:00,1182
2019-04-07T00:00:00.0000000+00:00,1217
2019-04-08T00:00:00.0000000+00:00,2473
2019-04-09T00:00:00.0000000+00:00,2823
2019-04-10T00:00:00.0000000+00:00,2708
2019-04-11T00:00:00.0000000+00:00,3371
2019-04-12T00:00:00.0000000+00:00,2183
2019-04-13T00:00:00.0000000+00:00,1274
2019-04-14T00:00:00.0000000+00:00,1503
2019-04-15T00:00:00.0000000+00:00,2550
2019-04-16T00:00:00.0000000+00:00,3241
2019-04-17T00:00:00.0000000+00:00,2318
2019-04-18T00:00:00.0000000+00:00,3359
2019-04-19T00:00:00.0000000+00:00,2233
2019-04-20T00:00:00.0000000+00:00,889
2019-04-21T00:00:00.0000000+00:00,877
2019-04-22T00:00:00.0000000+00:00,1613
2019-04-23T00:00:00.0000000+00:00,2894
2019-04-24T00:00:00.0000000+00:00,2553
2019-04-25T00:00:00.0000000+00:00,2916
2019-04-26T00:00:00.0000000+00:00,2342
2019-04-27T00:00:00.0000000+00:00,883
2019-04-28T00:00:00.0000000+00:00,1276
2019-04-29T00:00:00.0000000+00:00,2439
2019-04-30T00:00:00.0000000+00:00,3031
2019-05-01T00:00:00.0000000+00:00,2424
2019-05-02T00:00:00.0000000+00:00,2710
2019-05-03T00:00:00.0000000+00:00,1922
2019-05-04T00:00:00.0000000+00:00,1011
2019-05-05T00:00:00.0000000+00:00,1103
2019-05-06T00:00:00.0000000+00:00,2341
2019-05-07T00:00:00.0000000+00:00,3301
2019-05-08T00:00:00.0000000+00:00,2578
2019-05-09T00:00:00.0000000+00:00,2330
2019-05-10T00:00:00.0000000+00:00,2337
2019-05-11T00:00:00.0000000+00:00,1360
2019-05-12T00:00:00.0000000+00:00,1561
2019-05-13T00:00:00.0000000+00:00,2721
2019-05-14T00:00:00.0000000+00:00,3677
2019-05-15T00:00:00.0000000+00:00,2678
2019-05-16T00:00:00.0000000+00:00,2454
2019-05-17T00:00:00.0000000+00:00,2569
2019-05-18T00:00:00.0000000+00:00,877
2019-05-19T00:00:00.0000000+00:00,1052
2019-05-20T00:00:00.0000000+00:00,2400
2019-05-21T00:00:00.0000000+00:00,2995
2019-05-22T00:00:00.0000000+00:00,2389
2019-05-23T00:00:00.0000000+00:00,3240
2019-05-24T00:00:00.0000000+00:00,2428
2019-05-25T00:00:00.0000000+00:00,1081
2019-05-26T00:00:00.0000000+00:00,984
2019-05-27T00:00:00.0000000+00:00,2111
2019-05-28T00:00:00.0000000+00:00,2943
2019-05-29T00:00:00.0000000+00:00,2638
2019-05-30T00:00:00.0000000+00:00,3012
2019-05-31T00:00:00.0000000+00:00,2575
2019-06-01T00:00:00.0000000+00:00,831
2019-06-02T00:00:00.0000000+00:00,1222
2019-06-03T00:00:00.0000000+00:00,2585
2019-06-04T00:00:00.0000000+00:00,3296
2019-06-05T00:00:00.0000000+00:00,3138
2019-06-06T00:00:00.0000000+00:00,2978
2019-06-07T00:00:00.0000000+00:00,2216
2019-06-08T00:00:00.0000000+00:00,1087
2019-06-09T00:00:00.0000000+00:00,1119
2019-06-10T00:00:00.0000000+00:00,1996
2019-06-11T00:00:00.0000000+00:00,2778
2019-06-12T00:00:00.0000000+00:00,2308
2019-06-13T00:00:00.0000000+00:00,2514
2019-06-14T00:00:00.0000000+00:00,2392
2019-06-15T00:00:00.0000000+00:00,1171
2019-06-16T00:00:00.0000000+00:00,777
2019-06-17T00:00:00.0000000+00:00,2531
2019-06-18T00:00:00.0000000+00:00,3568
2019-06-19T00:00:00.0000000+00:00,2731
2019-06-20T00:00:00.0000000+00:00,2764
2019-06-21T00:00:00.0000000+00:00,2037
2019-06-22T00:00:00.0000000+00:00,1008
2019-06-23T00:00:00.0000000+00:00,1333
2019-06-24T00:00:00.0000000+00:00,2760
2019-06-25T00:00:00.0000000+00:00,3363
2019-06-26T00:00:00.0000000+00:00,2640
2019-06-27T00:00:00.0000000+00:00,3079
2019-06-28T00:00:00.0000000+00:00,2586
2019-06-29T00:00:00.0000000+00:00,882
2019-06-30T00:00:00.0000000+00:00,884
2019-07-01T00:00:00.0000000+00:00,2571
2019-07-02T00:00:00.0000000+00:00,3131
2019-07-03T00:00:00.0000000+00:00,2331
2019-07-04T00:00:00.0000000+00:00,1968
2019-07-05T00:00:00.0000000+00:00,2304
2019-07-06T00:00:00.0000000+00:00,985
2019-07-07T00:00:00.0000000+00:00,963
2019-07-08T00:00:00.0000000+00:00,2681
2019-07-09T00:00:00.0000000+00:00,2403
2019-07-10T00:00:00.0000000+00:00,5387
2019-07-11T00:00:00.0000000+00:00,4365
2019-07-12T00:00:00.0000000+00:00,1940
2019-07-13T00:00:00.0000000+00:00,967
2019-07-14T00:00:00.0000000+00:00,959
2019-07-15T00:00:00.0000000+00:00,2650
2019-07-16T00:00:00.0000000+00:00,2011
2019-07-17T00:00:00.0000000+00:00,3507
2019-07-18T00:00:00.0000000+00:00,2976
2019-07-19T00:00:00.0000000+00:00,2519
2019-07-20T00:00:00.0000000+00:00,690
2019-07-21T00:00:00.0000000+00:00,906
2019-07-22T00:00:00.0000000+00:00,2576
2019-07-23T00:00:00.0000000+00:00,3078
2019-07-24T00:00:00.0000000+00:00,3260
2019-07-25T00:00:00.0000000+00:00,3421
2019-07-26T00:00:00.0000000+00:00,1975
2019-07-27T00:00:00.0000000+00:00,1050
2019-07-28T00:00:00.0000000+00:00,862
2019-07-29T00:00:00.0000000+00:00,2599
2019-07-30T00:00:00.0000000+00:00,3280
2019-07-31T00:00:00.0000000+00:00,2438
2019-08-01T00:00:00.0000000+00:00,2810
2019-08-02T00:00:00.0000000+00:00,2894
2019-08-03T00:00:00.0000000+00:00,1113
2019-08-04T00:00:00.0000000+00:00,1142
2019-08-05T00:00:00.0000000+00:00,3020
2019-08-06T00:00:00.0000000+00:00,3350
2019-08-07T00:00:00.0000000+00:00,2409
2019-08-08T00:00:00.0000000+00:00,2693
2019-08-09T00:00:00.0000000+00:00,2873
2019-08-10T00:00:00.0000000+00:00,1178
2019-08-11T00:00:00.0000000+00:00,985
2019-08-12T00:00:00.0000000+00:00,2210
2019-08-13T00:00:00.0000000+00:00,3250
2019-08-14T00:00:00.0000000+00:00,2935
2019-08-15T00:00:00.0000000+00:00,2309
2019-08-16T00:00:00.0000000+00:00,3145
2019-08-17T00:00:00.0000000+00:00,1496
2019-08-18T00:00:00.0000000+00:00,1047
2019-08-19T00:00:00.0000000+00:00,2542
2019-08-20T00:00:00.0000000+00:00,2724
2019-08-21T00:00:00.0000000+00:00,2421
2019-08-22T00:00:00.0000000+00:00,3234
2019-08-23T00:00:00.0000000+00:00,2576
2019-08-24T00:00:00.0000000+00:00,1065
2019-08-25T00:00:00.0000000+00:00,1079
2019-08-26T00:00:00.0000000+00:00,2382
2019-08-27T00:00:00.0000000+00:00,2799
2019-08-28T00:00:00.0000000+00:00,2459
2019-08-29T00:00:00.0000000+00:00,2674
2019-08-30T00:00:00.0000000+00:00,2546
2019-08-31T00:00:00.0000000+00:00,984
2019-09-01T00:00:00.0000000+00:00,1055
2019-09-02T00:00:00.0000000+00:00,2218
2019-09-03T00:00:00.0000000+00:00,2467
2019-09-04T00:00:00.0000000+00:00,3073
2019-09-05T00:00:00.0000000+00:00,2727
2019-09-06T00:00:00.0000000+00:00,3015
2019-09-07T00:00:00.0000000+00:00,975
2019-09-08T00:00:00.0000000+00:00,903
2019-09-09T00:00:00.0000000+00:00,4129
2019-09-10T00:00:00.0000000+00:00,3503
2019-09-11T00:00:00.0000000+00:00,2881
2019-09-12T00:00:00.0000000+00:00,2755
2019-09-13T00:00:00.0000000+00:00,2658
2019-09-14T00:00:00.0000000+00:00,974
2019-09-15T00:00:00.0000000+00:00,929
2019-09-16T00:00:00.0000000+00:00,2958
2019-09-17T00:00:00.0000000+00:00,2486
2019-09-18T00:00:00.0000000+00:00,2931
2019-09-19T00:00:00.0000000+00:00,3108
2019-09-20T00:00:00.0000000+00:00,3125
2019-09-21T00:00:00.0000000+00:00,1432
2019-09-22T00:00:00.0000000+00:00,1152
2019-09-23T00:00:00.0000000+00:00,3832
2019-09-24T00:00:00.0000000+00:00,3551
2019-09-25T00:00:00.0000000+00:00,3954
2019-09-26T00:00:00.0000000+00:00,3399
2019-09-27T00:00:00.0000000+00:00,2535
2019-09-28T00:00:00.0000000+00:00,1996
2019-09-29T00:00:00.0000000+00:00,1262
2019-09-30T00:00:00.0000000+00:00,3372
2019-10-01T00:00:00.0000000+00:00,4522
2019-10-02T00:00:00.0000000+00:00,3298
2019-10-03T00:00:00.0000000+00:00,3872
2019-10-04T00:00:00.0000000+00:00,2436
2019-10-05T00:00:00.0000000+00:00,1545
2019-10-06T00:00:00.0000000+00:00,1527
2019-10-07T00:00:00.0000000+00:00,2703
2019-10-08T00:00:00.0000000+00:00,3773
2019-10-09T00:00:00.0000000+00:00,2958
2019-10-10T00:00:00.0000000+00:00,3216
2019-10-11T00:00:00.0000000+00:00,2750
2019-10-12T00:00:00.0000000+00:00,1503
2019-10-13T00:00:00.0000000+00:00,1317
2019-10-14T00:00:00.0000000+00:00,3468
2019-10-15T00:00:00.0000000+00:00,3988
2019-10-16T00:00:00.0000000+00:00,3033
2019-10-17T00:00:00.0000000+00:00,3313
2019-10-18T00:00:00.0000000+00:00,3437
2019-10-19T00:00:00.0000000+00:00,1462
2019-10-20T00:00:00.0000000+00:00,1553
2019-10-21T00:00:00.0000000+00:00,2966
2019-10-22T00:00:00.0000000+00:00,4489
2019-10-23T00:00:00.0000000+00:00,3517
2019-10-24T00:00:00.0000000+00:00,2922
2019-10-25T00:00:00.0000000+00:00,3255
2019-10-26T00:00:00.0000000+00:00,1438
2019-10-27T00:00:00.0000000+00:00,1567
2019-10-28T00:00:00.0000000+00:00,3985
2019-10-29T00:00:00.0000000+00:00,3433
2019-10-30T00:00:00.0000000+00:00,3455
2019-10-31T00:00:00.0000000+00:00,4635
2019-11-01T00:00:00.0000000+00:00,2939
2019-11-02T00:00:00.0000000+00:00,1638
2019-11-03T00:00:00.0000000+00:00,1540
2019-11-04T00:00:00.0000000+00:00,3219
2019-11-05T00:00:00.0000000+00:00,3484
2019-11-06T00:00:00.0000000+00:00,2902
2019-11-07T00:00:00.0000000+00:00,3592
2019-11-08T00:00:00.0000000+00:00,2884
2019-11-09T00:00:00.0000000+00:00,1658
2019-11-10T00:00:00.0000000+00:00,1401
2019-11-11T00:00:00.0000000+00:00,2555
2019-11-12T00:00:00.0000000+00:00,3316
2019-11-13T00:00:00.0000000+00:00,3380
2019-11-14T00:00:00.0000000+00:00,3263
2019-11-15T00:00:00.0000000+00:00,2650
2019-11-16T00:00:00.0000000+00:00,2344
2019-11-17T00:00:00.0000000+00:00,2061
2019-11-18T00:00:00.0000000+00:00,3659
2019-11-19T00:00:00.0000000+00:00,4015
2019-11-20T00:00:00.0000000+00:00,2950
2019-11-21T00:00:00.0000000+00:00,2826
2019-11-22T00:00:00.0000000+00:00,3592
2019-11-23T00:00:00.0000000+00:00,2091
2019-11-24T00:00:00.0000000+00:00,1224
2019-11-25T00:00:00.0000000+00:00,3281
2019-11-26T00:00:00.0000000+00:00,3281
2019-11-27T00:00:00.0000000+00:00,2889
2019-11-28T00:00:00.0000000+00:00,2602
2019-11-29T00:00:00.0000000+00:00,2261
2019-11-30T00:00:00.0000000+00:00,1061
2019-12-01T00:00:00.0000000+00:00,1563
2019-12-02T00:00:00.0000000+00:00,3448
2019-12-03T00:00:00.0000000+00:00,3727
2019-12-04T00:00:00.0000000+00:00,5380
2019-12-05T00:00:00.0000000+00:00,2786
2019-12-06T00:00:00.0000000+00:00,2540
2019-12-07T00:00:00.0000000+00:00,1280
2019-12-08T00:00:00.0000000+00:00,1120
2019-12-09T00:00:00.0000000+00:00,3234
2019-12-10T00:00:00.0000000+00:00,4024
2019-12-11T00:00:00.0000000+00:00,3961
2019-12-12T00:00:00.0000000+00:00,4145
2019-12-13T00:00:00.0000000+00:00,2630
2019-12-14T00:00:00.0000000+00:00,1164
2019-12-15T00:00:00.0000000+00:00,1371
2019-12-16T00:00:00.0000000+00:00,3821
2019-12-17T00:00:00.0000000+00:00,3475
2019-12-18T00:00:00.0000000+00:00,4901
2019-12-19T00:00:00.0000000+00:00,3072
2019-12-20T00:00:00.0000000+00:00,2342
2019-12-21T00:00:00.0000000+00:00,1238
2019-12-22T00:00:00.0000000+00:00,1106
2019-12-23T00:00:00.0000000+00:00,2378
2019-12-24T00:00:00.0000000+00:00,1856
2019-12-25T00:00:00.0000000+00:00,1950
2019-12-26T00:00:00.0000000+00:00,1810
2019-12-27T00:00:00.0000000+00:00,1816
2019-12-28T00:00:00.0000000+00:00,1455
2019-12-29T00:00:00.0000000+00:00,1028
2019-12-30T00:00:00.0000000+00:00,2283
2019-12-31T00:00:00.0000000+00:00,1284
2020-01-01T00:00:00.0000000+00:00,1128
2020-01-02T00:00:00.0000000+00:00,2128
2020-01-03T00:00:00.0000000+00:00,2971
2020-01-04T00:00:00.0000000+00:00,1072
2020-01-05T00:00:00.0000000+00:00,1308
2020-01-06T00:00:00.0000000+00:00,2971
2020-01-07T00:00:00.0000000+00:00,3162
2020-01-08T00:00:00.0000000+00:00,2852
2020-01-09T00:00:00.0000000+00:00,5098
2020-01-10T00:00:00.0000000+00:00,3160
2020-01-11T00:00:00.0000000+00:00,1512
2020-01-12T00:00:00.0000000+00:00,1567
2020-01-13T00:00:00.0000000+00:00,3162
2020-01-14T00:00:00.0000000+00:00,4088
2020-01-15T00:00:00.0000000+00:00,3238
2020-01-16T00:00:00.0000000+00:00,3189
2020-01-17T00:00:00.0000000+00:00,4283
2020-01-18T00:00:00.0000000+00:00,2029
2020-01-19T00:00:00.0000000+00:00,1672
2020-01-20T00:00:00.0000000+00:00,3158
2020-01-21T00:00:00.0000000+00:00,3445
2020-01-22T00:00:00.0000000+00:00,3106
2020-01-23T00:00:00.0000000+00:00,2840
2020-01-24T00:00:00.0000000+00:00,2435
2020-01-25T00:00:00.0000000+00:00,1153
2020-01-26T00:00:00.0000000+00:00,1465
2020-01-27T00:00:00.0000000+00:00,2808
2020-01-28T00:00:00.0000000+00:00,2833
2020-01-29T00:00:00.0000000+00:00,2340
2020-01-30T00:00:00.0000000+00:00,3011
2020-01-31T00:00:00.0000000+00:00,2194
2020-02-01T00:00:00.0000000+00:00,1436
2020-02-02T00:00:00.0000000+00:00,1871
2020-02-03T00:00:00.0000000+00:00,3569
2020-02-04T00:00:00.0000000+00:00,3287
2020-02-05T00:00:00.0000000+00:00,2951
2020-02-06T00:00:00.0000000+00:00,2718
2020-02-07T00:00:00.0000000+00:00,2696
2020-02-08T00:00:00.0000000+00:00,1496
2020-02-09T00:00:00.0000000+00:00,3427
2020-02-10T00:00:00.0000000+00:00,3141
2020-02-11T00:00:00.0000000+00:00,3047
2020-02-12T00:00:00.0000000+00:00,2685
2020-02-13T00:00:00.0000000+00:00,2996
2020-02-14T00:00:00.0000000+00:00,3114
2020-02-15T00:00:00.0000000+00:00,2334
2020-02-16T00:00:00.0000000+00:00,1335
2020-02-17T00:00:00.0000000+00:00,3005
2020-02-18T00:00:00.0000000+00:00,4496
2020-02-19T00:00:00.0000000+00:00,6022
2020-02-20T00:00:00.0000000+00:00,5104
2020-02-21T00:00:00.0000000+00:00,2964
2020-02-22T00:00:00.0000000+00:00,2192
2020-02-23T00:00:00.0000000+00:00,1650
2020-02-24T00:00:00.0000000+00:00,3090
2020-02-25T00:00:00.0000000+00:00,3928
2020-02-26T00:00:00.0000000+00:00,3521
2020-02-27T00:00:00.0000000+00:00,3020
2020-02-28T00:00:00.0000000+00:00,3689
2020-02-29T00:00:00.0000000+00:00,2490
2020-03-01T00:00:00.0000000+00:00,2107
2020-03-02T00:00:00.0000000+00:00,3858
2020-03-03T00:00:00.0000000+00:00,4057
2020-03-04T00:00:00.0000000+00:00,3115
2020-03-05T00:00:00.0000000+00:00,5288
2020-03-06T00:00:00.0000000+00:00,4918
2020-03-07T00:00:00.0000000+00:00,1652
2020-03-08T00:00:00.0000000+00:00,1961
2020-03-09T00:00:00.0000000+00:00,3191
2020-03-10T00:00:00.0000000+00:00,5660
2020-03-11T00:00:00.0000000+00:00,3882
2020-03-12T00:00:00.0000000+00:00,4024
2020-03-13T00:00:00.0000000+00:00,2615
2020-03-14T00:00:00.0000000+00:00,1382
2020-03-15T00:00:00.0000000+00:00,1552
2020-03-16T00:00:00.0000000+00:00,3350
2020-03-17T00:00:00.0000000+00:00,3616
2020-03-18T00:00:00.0000000+00:00,3596
2020-03-19T00:00:00.0000000+00:00,4717
2020-03-20T00:00:00.0000000+00:00,3707
2020-03-21T00:00:00.0000000+00:00,1613
2020-03-22T00:00:00.0000000+00:00,2944
2020-03-23T00:00:00.0000000+00:00,3978
2020-03-24T00:00:00.0000000+00:00,4159
2020-03-25T00:00:00.0000000+00:00,3859
2020-03-26T00:00:00.0000000+00:00,4528
2020-03-27T00:00:00.0000000+00:00,3317
2020-03-28T00:00:00.0000000+00:00,1373
2020-03-29T00:00:00.0000000+00:00,1640
2020-03-30T00:00:00.0000000+00:00,4156
2020-03-31T00:00:00.0000000+00:00,3294
2020-04-01T00:00:00.0000000+00:00,3918
2020-04-02T00:00:00.0000000+00:00,5025
2020-04-03T00:00:00.0000000+00:00,4160
2020-04-04T00:00:00.0000000+00:00,1518
2020-04-05T00:00:00.0000000+00:00,1935
2020-04-06T00:00:00.0000000+00:00,3007
2020-04-07T00:00:00.0000000+00:00,3954
2020-04-08T00:00:00.0000000+00:00,3211
2020-04-09T00:00:00.0000000+00:00,3744
2020-04-10T00:00:00.0000000+00:00,3019
2020-04-11T00:00:00.0000000+00:00,1990
2020-04-12T00:00:00.0000000+00:00,1653
2020-04-13T00:00:00.0000000+00:00,5018
2020-04-14T00:00:00.0000000+00:00,3882
2020-04-15T00:00:00.0000000+00:00,3563
2020-04-16T00:00:00.0000000+00:00,4676
2020-04-17T00:00:00.0000000+00:00,3196
2020-04-18T00:00:00.0000000+00:00,2079
2020-04-19T00:00:00.0000000+00:00,2595
2020-04-20T00:00:00.0000000+00:00,4547
2020-04-21T00:00:00.0000000+00:00,3968
2020-04-22T00:00:00.0000000+00:00,4153
2020-04-23T00:00:00.0000000+00:00,3744
2020-04-24T00:00:00.0000000+00:00,3870
2020-04-25T00:00:00.0000000+00:00,1725
2020-04-26T00:00:00.0000000+00:00,1978
2020-04-27T00:00:00.0000000+00:00,4079
2020-04-28T00:00:00.0000000+00:00,5211
2020-04-29T00:00:00.0000000+00:00,3728
2020-04-30T00:00:00.0000000+00:00,3013
2020-05-01T00:00:00.0000000+00:00,2992
2020-05-02T00:00:00.0000000+00:00,1694
2020-05-03T00:00:00.0000000+00:00,2314
2020-05-04T00:00:00.0000000+00:00,3465
2020-05-05T00:00:00.0000000+00:00,3761
2020-05-06T00:00:00.0000000+00:00,3400
2020-05-07T00:00:00.0000000+00:00,4560
2020-05-08T00:00:00.0000000+00:00,3926
2020-05-09T00:00:00.0000000+00:00,2505
2020-05-10T00:00:00.0000000+00:00,2831
2020-05-11T00:00:00.0000000+00:00,3652
2020-05-12T00:00:00.0000000+00:00,4501
2020-05-13T00:00:00.0000000+00:00,4328
2020-05-14T00:00:00.0000000+00:00,3814
2020-05-15T00:00:00.0000000+00:00,3472
2020-05-16T00:00:00.0000000+00:00,1778
2020-05-17T00:00:00.0000000+00:00,1651
2020-05-18T00:00:00.0000000+00:00,4027
2020-05-19T00:00:00.0000000+00:00,4586
2020-05-20T00:00:00.0000000+00:00,3762
2020-05-21T00:00:00.0000000+00:00,3983
2020-05-22T00:00:00.0000000+00:00,4064
2020-05-23T00:00:00.0000000+00:00,1653
2020-05-24T00:00:00.0000000+00:00,1809
2020-05-25T00:00:00.0000000+00:00,2905
2020-05-26T00:00:00.0000000+00:00,3873
2020-05-27T00:00:00.0000000+00:00,3863
2020-05-28T00:00:00.0000000+00:00,3982
2020-05-29T00:00:00.0000000+00:00,2862
2020-05-30T00:00:00.0000000+00:00,1547
2020-05-31T00:00:00.0000000+00:00,1735
2020-06-01T00:00:00.0000000+00:00,3596
2020-06-02T00:00:00.0000000+00:00,4722
2020-06-03T00:00:00.0000000+00:00,4640
2020-06-04T00:00:00.0000000+00:00,4486
2020-06-05T00:00:00.0000000+00:00,3770
2020-06-06T00:00:00.0000000+00:00,1647
2020-06-07T00:00:00.0000000+00:00,1853
2020-06-08T00:00:00.0000000+00:00,3505
2020-06-09T00:00:00.0000000+00:00,4631
2020-06-10T00:00:00.0000000+00:00,4768
2020-06-11T00:00:00.0000000+00:00,4431
2020-06-12T00:00:00.0000000+00:00,3362
2020-06-13T00:00:00.0000000+00:00,1988
2020-06-14T00:00:00.0000000+00:00,1661
2020-06-15T00:00:00.0000000+00:00,3936
2020-06-16T00:00:00.0000000+00:00,3438
2020-06-17T00:00:00.0000000+00:00,4003
2020-06-18T00:00:00.0000000+00:00,3687
2020-06-19T00:00:00.0000000+00:00,3561
2020-06-20T00:00:00.0000000+00:00,1656
2020-06-21T00:00:00.0000000+00:00,1502
2020-06-22T00:00:00.0000000+00:00,3586
2020-06-23T00:00:00.0000000+00:00,3931
2020-06-24T00:00:00.0000000+00:00,3416
2020-06-25T00:00:00.0000000+00:00,3803
2020-06-26T00:00:00.0000000+00:00,2978
2020-06-27T00:00:00.0000000+00:00,1590
2020-06-28T00:00:00.0000000+00:00,2239
2020-06-29T00:00:00.0000000+00:00,4441
2020-06-30T00:00:00.0000000+00:00,4052
2020-07-01T00:00:00.0000000+00:00,4099
2020-07-02T00:00:00.0000000+00:00,4410
2020-07-03T00:00:00.0000000+00:00,3183
2020-07-04T00:00:00.0000000+00:00,1357
2020-07-05T00:00:00.0000000+00:00,1483
2020-07-06T00:00:00.0000000+00:00,3591
2020-07-07T00:00:00.0000000+00:00,4323
2020-07-08T00:00:00.0000000+00:00,3857
2020-07-09T00:00:00.0000000+00:00,4499
2020-07-10T00:00:00.0000000+00:00,3021
2020-07-11T00:00:00.0000000+00:00,1561
2020-07-12T00:00:00.0000000+00:00,1478
2020-07-13T00:00:00.0000000+00:00,3362
2020-07-14T00:00:00.0000000+00:00,4396
2020-07-15T00:00:00.0000000+00:00,4156
2020-07-16T00:00:00.0000000+00:00,3783
2020-07-17T00:00:00.0000000+00:00,4084
2020-07-18T00:00:00.0000000+00:00,1683
2020-07-19T00:00:00.0000000+00:00,1793
2020-07-20T00:00:00.0000000+00:00,3768
2020-07-21T00:00:00.0000000+00:00,4790
2020-07-22T00:00:00.0000000+00:00,4543
2020-07-23T00:00:00.0000000+00:00,3293
2020-07-24T00:00:00.0000000+00:00,3883
2020-07-25T00:00:00.0000000+00:00,1424
2020-07-26T00:00:00.0000000+00:00,1691
2020-07-27T00:00:00.0000000+00:00,3935
2020-07-28T00:00:00.0000000+00:00,3919
2020-07-29T00:00:00.0000000+00:00,3712
2020-07-30T00:00:00.0000000+00:00,4212
2020-07-31T00:00:00.0000000+00:00,3572
2020-08-01T00:00:00.0000000+00:00,1579
2020-08-02T00:00:00.0000000+00:00,1339
2020-08-03T00:00:00.0000000+00:00,3511
2020-08-04T00:00:00.0000000+00:00,4053
2020-08-05T00:00:00.0000000+00:00,3036
2020-08-06T00:00:00.0000000+00:00,3535
2020-08-07T00:00:00.0000000+00:00,3981
2020-08-08T00:00:00.0000000+00:00,2547
2020-08-09T00:00:00.0000000+00:00,1640
2020-08-10T00:00:00.0000000+00:00,3991
2020-08-11T00:00:00.0000000+00:00,3890
2020-08-12T00:00:00.0000000+00:00,3946
2020-08-13T00:00:00.0000000+00:00,4133
2020-08-14T00:00:00.0000000+00:00,4493
2020-08-15T00:00:00.0000000+00:00,1858
2020-08-16T00:00:00.0000000+00:00,1625
2020-08-17T00:00:00.0000000+00:00,5569
2020-08-18T00:00:00.0000000+00:00,3248
2020-08-19T00:00:00.0000000+00:00,3901
2020-08-20T00:00:00.0000000+00:00,7520
2020-08-21T00:00:00.0000000+00:00,3171
2020-08-22T00:00:00.0000000+00:00,1711
2020-08-23T00:00:00.0000000+00:00,2072
2020-08-24T00:00:00.0000000+00:00,3825
2020-08-25T00:00:00.0000000+00:00,4165
2020-08-26T00:00:00.0000000+00:00,4849
2020-08-27T00:00:00.0000000+00:00,5213
2020-08-28T00:00:00.0000000+00:00,3525
2020-08-29T00:00:00.0000000+00:00,1274
2020-08-30T00:00:00.0000000+00:00,1918
2020-08-31T00:00:00.0000000+00:00,2938
2020-09-01T00:00:00.0000000+00:00,4475
2020-09-02T00:00:00.0000000+00:00,3765
2020-09-03T00:00:00.0000000+00:00,5186
2020-09-04T00:00:00.0000000+00:00,3242
2020-09-05T00:00:00.0000000+00:00,1525
2020-09-06T00:00:00.0000000+00:00,1393
2020-09-07T00:00:00.0000000+00:00,3105
2020-09-08T00:00:00.0000000+00:00,4631
2020-09-09T00:00:00.0000000+00:00,3555
2020-09-10T00:00:00.0000000+00:00,6092
2020-09-11T00:00:00.0000000+00:00,3949
2020-09-12T00:00:00.0000000+00:00,1470
2020-09-13T00:00:00.0000000+00:00,1632
2020-09-14T00:00:00.0000000+00:00,3898
2020-09-15T00:00:00.0000000+00:00,4739
2020-09-16T00:00:00.0000000+00:00,3463
2020-09-17T00:00:00.0000000+00:00,4980
2020-09-18T00:00:00.0000000+00:00,4002
2020-09-19T00:00:00.0000000+00:00,1381
2020-09-20T00:00:00.0000000+00:00,1650
2020-09-21T00:00:00.0000000+00:00,4638
2020-09-22T00:00:00.0000000+00:00,3917
2020-09-23T00:00:00.0000000+00:00,3218
2020-09-24T00:00:00.0000000+00:00,5647
2020-09-25T00:00:00.0000000+00:00,4199
2020-09-26T00:00:00.0000000+00:00,1204
2020-09-27T00:00:00.0000000+00:00,1467
2020-09-28T00:00:00.0000000+00:00,3255
2020-09-29T00:00:00.0000000+00:00,3427
2020-09-30T00:00:00.0000000+00:00,3930
2020-10-01T00:00:00.0000000+00:00,4742
2020-10-02T00:00:00.0000000+00:00,3936
2020-10-03T00:00:00.0000000+00:00,2210
2020-10-04T00:00:00.0000000+00:00,2724
2020-10-05T00:00:00.0000000+00:00,2864
2020-10-06T00:00:00.0000000+00:00,3220
2020-10-07T00:00:00.0000000+00:00,3087
2020-10-08T00:00:00.0000000+00:00,3690
2020-10-09T00:00:00.0000000+00:00,3428
2020-10-10T00:00:00.0000000+00:00,1569
2020-10-11T00:00:00.0000000+00:00,1270
2020-10-12T00:00:00.0000000+00:00,5339
2020-10-13T00:00:00.0000000+00:00,4210
2020-10-14T00:00:00.0000000+00:00,3557
2020-10-15T00:00:00.0000000+00:00,4746
2020-10-16T00:00:00.0000000+00:00,4392
2020-10-17T00:00:00.0000000+00:00,2321
2020-10-18T00:00:00.0000000+00:00,2101
2020-10-19T00:00:00.0000000+00:00,3761
2020-10-20T00:00:00.0000000+00:00,4448
2020-10-21T00:00:00.0000000+00:00,3759
2020-10-22T00:00:00.0000000+00:00,4696
2020-10-23T00:00:00.0000000+00:00,3029
2020-10-24T00:00:00.0000000+00:00,1849
2020-10-25T00:00:00.0000000+00:00,2133
2020-10-26T00:00:00.0000000+00:00,3638
2020-10-27T00:00:00.0000000+00:00,5260
2020-10-28T00:00:00.0000000+00:00,3686
2020-10-29T00:00:00.0000000+00:00,4418
2020-10-30T00:00:00.0000000+00:00,2360
2020-10-31T00:00:00.0000000+00:00,1655
2020-11-01T00:00:00.0000000+00:00,1780
2020-11-02T00:00:00.0000000+00:00,3484
2020-11-03T00:00:00.0000000+00:00,4250
2020-11-04T00:00:00.0000000+00:00,3583
2020-11-05T00:00:00.0000000+00:00,7356
2020-11-06T00:00:00.0000000+00:00,3237
2020-11-07T00:00:00.0000000+00:00,2369
2020-11-08T00:00:00.0000000+00:00,2096
2020-11-09T00:00:00.0000000+00:00,4974
2020-11-10T00:00:00.0000000+00:00,5798
2020-11-11T00:00:00.0000000+00:00,6980
2020-11-12T00:00:00.0000000+00:00,5007
2020-11-13T00:00:00.0000000+00:00,5220
2020-11-14T00:00:00.0000000+00:00,2035
2020-11-15T00:00:00.0000000+00:00,1770
2020-11-16T00:00:00.0000000+00:00,3932
2020-11-17T00:00:00.0000000+00:00,5916
2020-11-18T00:00:00.0000000+00:00,4853
2020-11-19T00:00:00.0000000+00:00,7292
2020-11-20T00:00:00.0000000+00:00,4357
2020-11-21T00:00:00.0000000+00:00,2098
2020-11-22T00:00:00.0000000+00:00,2374
2020-11-23T00:00:00.0000000+00:00,5057
2020-11-24T00:00:00.0000000+00:00,4897
2020-11-25T00:00:00.0000000+00:00,3692
2020-11-26T00:00:00.0000000+00:00,3817
2020-11-27T00:00:00.0000000+00:00,3688
2020-11-28T00:00:00.0000000+00:00,1671
2020-11-29T00:00:00.0000000+00:00,2115
2020-11-30T00:00:00.0000000+00:00,4457
2020-12-01T00:00:00.0000000+00:00,4856
2020-12-02T00:00:00.0000000+00:00,4466
2020-12-03T00:00:00.0000000+00:00,6549
2020-12-04T00:00:00.0000000+00:00,3702
2020-12-05T00:00:00.0000000+00:00,1730
2020-12-06T00:00:00.0000000+00:00,1669
2020-12-07T00:00:00.0000000+00:00,3839
2020-12-08T00:00:00.0000000+00:00,4781
2020-12-09T00:00:00.0000000+00:00,3461
2020-12-10T00:00:00.0000000+00:00,4957
2020-12-11T00:00:00.0000000+00:00,3350
2020-12-12T00:00:00.0000000+00:00,2782
2020-12-13T00:00:00.0000000+00:00,1984
2020-12-14T00:00:00.0000000+00:00,4854
2020-12-15T00:00:00.0000000+00:00,5192
2020-12-16T00:00:00.0000000+00:00,4666
2020-12-17T00:00:00.0000000+00:00,4575
2020-12-18T00:00:00.0000000+00:00,4879
2020-12-19T00:00:00.0000000+00:00,1292
2020-12-20T00:00:00.0000000+00:00,1557
2020-12-21T00:00:00.0000000+00:00,3117
2020-12-22T00:00:00.0000000+00:00,4685
2020-12-23T00:00:00.0000000+00:00,6340
2020-12-24T00:00:00.0000000+00:00,3395
2020-12-25T00:00:00.0000000+00:00,1763
2020-12-26T00:00:00.0000000+00:00,1505
2020-12-27T00:00:00.0000000+00:00,2272
2020-12-28T00:00:00.0000000+00:00,3214
2020-12-29T00:00:00.0000000+00:00,5490
2020-12-30T00:00:00.0000000+00:00,4397
2020-12-31T00:00:00.0000000+00:00,2385
2021-01-01T00:00:00.0000000+00:00,1638
2021-01-02T00:00:00.0000000+00:00,1679
2021-01-03T00:00:00.0000000+00:00,2623
2021-01-04T00:00:00.0000000+00:00,3898
2021-01-05T00:00:00.0000000+00:00,4136
2021-01-06T00:00:00.0000000+00:00,4300
2021-01-07T00:00:00.0000000+00:00,3741
2021-01-08T00:00:00.0000000+00:00,3095
2021-01-09T00:00:00.0000000+00:00,2165
2021-01-10T00:00:00.0000000+00:00,1888
2021-01-11T00:00:00.0000000+00:00,4741
2021-01-12T00:00:00.0000000+00:00,5213
2021-01-13T00:00:00.0000000+00:00,4794
2021-01-14T00:00:00.0000000+00:00,5073
2021-01-15T00:00:00.0000000+00:00,3480
2021-01-16T00:00:00.0000000+00:00,1863
2021-01-17T00:00:00.0000000+00:00,1518
2021-01-18T00:00:00.0000000+00:00,4007
2021-01-19T00:00:00.0000000+00:00,4304
2021-01-20T00:00:00.0000000+00:00,4070
2021-01-21T00:00:00.0000000+00:00,4166
2021-01-22T00:00:00.0000000+00:00,3755
2021-01-23T00:00:00.0000000+00:00,2514
2021-01-24T00:00:00.0000000+00:00,1975
2021-01-25T00:00:00.0000000+00:00,3894
2021-01-26T00:00:00.0000000+00:00,4175
2021-01-27T00:00:00.0000000+00:00,3895
2021-01-28T00:00:00.0000000+00:00,4571
2021-01-29T00:00:00.0000000+00:00,3904
2021-01-30T00:00:00.0000000+00:00,2407
2021-01-31T00:00:00.0000000+00:00,1919
2021-02-01T00:00:00.0000000+00:00,4226
2021-02-02T00:00:00.0000000+00:00,4828
2021-02-03T00:00:00.0000000+00:00,3827
2021-02-04T00:00:00.0000000+00:00,4084
2021-02-05T00:00:00.0000000+00:00,3460
2021-02-06T00:00:00.0000000+00:00,1606
2021-02-07T00:00:00.0000000+00:00,2350
2021-02-08T00:00:00.0000000+00:00,3170
2021-02-09T00:00:00.0000000+00:00,7369
2021-02-10T00:00:00.0000000+00:00,3547
2021-02-11T00:00:00.0000000+00:00,4141
2021-02-12T00:00:00.0000000+00:00,4947
2021-02-13T00:00:00.0000000+00:00,1390
2021-02-14T00:00:00.0000000+00:00,2129
2021-02-15T00:00:00.0000000+00:00,3833
2021-02-16T00:00:00.0000000+00:00,4142
2021-02-17T00:00:00.0000000+00:00,3148
2021-02-18T00:00:00.0000000+00:00,3399
2021-02-19T00:00:00.0000000+00:00,5783
2021-02-20T00:00:00.0000000+00:00,2263
2021-02-21T00:00:00.0000000+00:00,1936
2021-02-22T00:00:00.0000000+00:00,3303
2021-02-23T00:00:00.0000000+00:00,4454
2021-02-24T00:00:00.0000000+00:00,4262
2021-02-25T00:00:00.0000000+00:00,3969
2021-02-26T00:00:00.0000000+00:00,4367
2021-02-27T00:00:00.0000000+00:00,2071
2021-02-28T00:00:00.0000000+00:00,1885
2021-03-01T00:00:00.0000000+00:00,5128
2021-03-02T00:00:00.0000000+00:00,5002
2021-03-03T00:00:00.0000000+00:00,5332
2021-03-04T00:00:00.0000000+00:00,6289
2021-03-05T00:00:00.0000000+00:00,6652
2021-03-06T00:00:00.0000000+00:00,2554
2021-03-07T00:00:00.0000000+00:00,1807
2021-03-08T00:00:00.0000000+00:00,5351
2021-03-09T00:00:00.0000000+00:00,5211
2021-03-10T00:00:00.0000000+00:00,4492
2021-03-11T00:00:00.0000000+00:00,5201
2021-03-12T00:00:00.0000000+00:00,5968
2021-03-13T00:00:00.0000000+00:00,2382
2021-03-14T00:00:00.0000000+00:00,1700
2021-03-15T00:00:00.0000000+00:00,3603
2021-03-16T00:00:00.0000000+00:00,4586
2021-03-17T00:00:00.0000000+00:00,5220
2021-03-18T00:00:00.0000000+00:00,6132
2021-03-19T00:00:00.0000000+00:00,3588
2021-03-20T00:00:00.0000000+00:00,1792
2021-03-21T00:00:00.0000000+00:00,2080
2021-03-22T00:00:00.0000000+00:00,4492
2021-03-23T00:00:00.0000000+00:00,5479
2021-03-24T00:00:00.0000000+00:00,4617
2021-03-25T00:00:00.0000000+00:00,5122
2021-03-26T00:00:00.0000000+00:00,5015
2021-03-27T00:00:00.0000000+00:00,1654
2021-03-28T00:00:00.0000000+00:00,2105
2021-03-29T00:00:00.0000000+00:00,5599
2021-03-30T00:00:00.0000000+00:00,5053
2021-03-31T00:00:00.0000000+00:00,4596
2021-04-01T00:00:00.0000000+00:00,4227
2021-04-02T00:00:00.0000000+00:00,3990
2021-04-03T00:00:00.0000000+00:00,1902
2021-04-04T00:00:00.0000000+00:00,1751
2021-04-05T00:00:00.0000000+00:00,3137
2021-04-06T00:00:00.0000000+00:00,7152
2021-04-07T00:00:00.0000000+00:00,5328
2021-04-08T00:00:00.0000000+00:00,5649
2021-04-09T00:00:00.0000000+00:00,4198
2021-04-10T00:00:00.0000000+00:00,2511
2021-04-11T00:00:00.0000000+00:00,2828
2021-04-12T00:00:00.0000000+00:00,5289
2021-04-13T00:00:00.0000000+00:00,6117
2021-04-14T00:00:00.0000000+00:00,4024
2021-04-15T00:00:00.0000000+00:00,6573
2021-04-16T00:00:00.0000000+00:00,4139
2021-04-17T00:00:00.0000000+00:00,2156
2021-04-18T00:00:00.0000000+00:00,2166
2021-04-19T00:00:00.0000000+00:00,6508
2021-04-20T00:00:00.0000000+00:00,5018
2021-04-21T00:00:00.0000000+00:00,4636
2021-04-22T00:00:00.0000000+00:00,5668
2021-04-23T00:00:00.0000000+00:00,5169
2021-04-24T00:00:00.0000000+00:00,2429
2021-04-25T00:00:00.0000000+00:00,2442
2021-04-26T00:00:00.0000000+00:00,4691
2021-04-27T00:00:00.0000000+00:00,4764
2021-04-28T00:00:00.0000000+00:00,4790
2021-04-29T00:00:00.0000000+00:00,4436
2021-04-30T00:00:00.0000000+00:00,4092
2021-05-01T00:00:00.0000000+00:00,1566
2021-05-02T00:00:00.0000000+00:00,1573
2021-05-03T00:00:00.0000000+00:00,4049
2021-05-04T00:00:00.0000000+00:00,4497
2021-05-05T00:00:00.0000000+00:00,3898
2021-05-06T00:00:00.0000000+00:00,4338
2021-05-07T00:00:00.0000000+00:00,4600
2021-05-08T00:00:00.0000000+00:00,4730
2021-05-09T00:00:00.0000000+00:00,2528
2021-05-10T00:00:00.0000000+00:00,7359
2021-05-11T00:00:00.0000000+00:00,6616
2021-05-12T00:00:00.0000000+00:00,4130
2021-05-13T00:00:00.0000000+00:00,5493
2021-05-14T00:00:00.0000000+00:00,7619
2021-05-15T00:00:00.0000000+00:00,5438
2021-05-16T00:00:00.0000000+00:00,4191
2021-05-17T00:00:00.0000000+00:00,4705
2021-05-18T00:00:00.0000000+00:00,4383
2021-05-19T00:00:00.0000000+00:00,5140
2021-05-20T00:00:00.0000000+00:00,4968
2021-05-21T00:00:00.0000000+00:00,5279
2021-05-22T00:00:00.0000000+00:00,1393
2021-05-23T00:00:00.0000000+00:00,2772
2021-05-24T00:00:00.0000000+00:00,6414
2021-05-25T00:00:00.0000000+00:00,5636
2021-05-26T00:00:00.0000000+00:00,5888
2021-05-27T00:00:00.0000000+00:00,5713
2021-05-28T00:00:00.0000000+00:00,6807
2021-05-29T00:00:00.0000000+00:00,3489
2021-05-30T00:00:00.0000000+00:00,2339
2021-05-31T00:00:00.0000000+00:00,4773
2021-06-01T00:00:00.0000000+00:00,4230
2021-06-02T00:00:00.0000000+00:00,3178
2021-06-03T00:00:00.0000000+00:00,4472
2021-06-04T00:00:00.0000000+00:00,4637
2021-06-05T00:00:00.0000000+00:00,1930
2021-06-06T00:00:00.0000000+00:00,2083
2021-06-07T00:00:00.0000000+00:00,4119
2021-06-08T00:00:00.0000000+00:00,4490
2021-06-09T00:00:00.0000000+00:00,4354
2021-06-10T00:00:00.0000000+00:00,4187
2021-06-11T00:00:00.0000000+00:00,4746
2021-06-12T00:00:00.0000000+00:00,3489
2021-06-13T00:00:00.0000000+00:00,1345
2021-06-14T00:00:00.0000000+00:00,3457
2021-06-15T00:00:00.0000000+00:00,5039
2021-06-16T00:00:00.0000000+00:00,4286
2021-06-17T00:00:00.0000000+00:00,5201
2021-06-18T00:00:00.0000000+00:00,3505
2021-06-19T00:00:00.0000000+00:00,1968
2021-06-20T00:00:00.0000000+00:00,2009
2021-06-21T00:00:00.0000000+00:00,6588
2021-06-22T00:00:00.0000000+00:00,3669
2021-06-23T00:00:00.0000000+00:00,3893
2021-06-24T00:00:00.0000000+00:00,4046
2021-06-25T00:00:00.0000000+00:00,4610
2021-06-26T00:00:00.0000000+00:00,1551
2021-06-27T00:00:00.0000000+00:00,1651
2021-06-28T00:00:00.0000000+00:00,4603
2021-06-29T00:00:00.0000000+00:00,4311
2021-06-30T00:00:00.0000000+00:00,4669
2021-07-01T00:00:00.0000000+00:00,4540
2021-07-02T00:00:00.0000000+00:00,3385
2021-07-03T00:00:00.0000000+00:00,1547
2021-07-04T00:00:00.0000000+00:00,1708
2021-07-05T00:00:00.0000000+00:00,3432
2021-07-06T00:00:00.0000000+00:00,5415
2021-07-07T00:00:00.0000000+00:00,3246
2021-07-08T00:00:00.0000000+00:00,3772
2021-07-09T00:00:00.0000000+00:00,4065
2021-07-10T00:00:00.0000000+00:00,1656
2021-07-11T00:00:00.0000000+00:00,2694
2021-07-12T00:00:00.0000000+00:00,4077
2021-07-13T00:00:00.0000000+00:00,8449
2021-07-14T00:00:00.0000000+00:00,5226
2021-07-15T00:00:00.0000000+00:00,5998
2021-07-16T00:00:00.0000000+00:00,4932
2021-07-17T00:00:00.0000000+00:00,5472
2021-07-18T00:00:00.0000000+00:00,1963
2021-07-19T00:00:00.0000000+00:00,5830
2021-07-20T00:00:00.0000000+00:00,5102
2021-07-21T00:00:00.0000000+00:00,4118
2021-07-22T00:00:00.0000000+00:00,5121
2021-07-23T00:00:00.0000000+00:00,4190
2021-07-24T00:00:00.0000000+00:00,2705
2021-07-25T00:00:00.0000000+00:00,1890
2021-07-26T00:00:00.0000000+00:00,3050
2021-07-27T00:00:00.0000000+00:00,3796
2021-07-28T00:00:00.0000000+00:00,4627
2021-07-29T00:00:00.0000000+00:00,4619
2021-07-30T00:00:00.0000000+00:00,3189
2021-07-31T00:00:00.0000000+00:00,1747
2021-08-01T00:00:00.0000000+00:00,2266
2021-08-02T00:00:00.0000000+00:00,4500
2021-08-03T00:00:00.0000000+00:00,4266
2021-08-04T00:00:00.0000000+00:00,3709
2021-08-05T00:00:00.0000000+00:00,4614
2021-08-06T00:00:00.0000000+00:00,4719
2021-08-07T00:00:00.0000000+00:00,1624
2021-08-08T00:00:00.0000000+00:00,1501
2021-08-09T00:00:00.0000000+00:00,5799
2021-08-10T00:00:00.0000000+00:00,5829
2021-08-11T00:00:00.0000000+00:00,4637
2021-08-12T00:00:00.0000000+00:00,3608
2021-08-13T00:00:00.0000000+00:00,5332
2021-08-14T00:00:00.0000000+00:00,1233
2021-08-15T00:00:00.0000000+00:00,1549
2021-08-16T00:00:00.0000000+00:00,3682
2021-08-17T00:00:00.0000000+00:00,4285
2021-08-18T00:00:00.0000000+00:00,3525
2021-08-19T00:00:00.0000000+00:00,3726
2021-08-20T00:00:00.0000000+00:00,3158
2021-08-21T00:00:00.0000000+00:00,2679
2021-08-22T00:00:00.0000000+00:00,1596
2021-08-23T00:00:00.0000000+00:00,4455
2021-08-24T00:00:00.0000000+00:00,4702
2021-08-25T00:00:00.0000000+00:00,5635
2021-08-26T00:00:00.0000000+00:00,4843
2021-08-27T00:00:00.0000000+00:00,3730
2021-08-28T00:00:00.0000000+00:00,2277
2021-08-29T00:00:00.0000000+00:00,1899
2021-08-30T00:00:00.0000000+00:00,3651
2021-08-31T00:00:00.0000000+00:00,4678
2021-09-01T00:00:00.0000000+00:00,4176
2021-09-02T00:00:00.0000000+00:00,4750
2021-09-03T00:00:00.0000000+00:00,4272
2021-09-04T00:00:00.0000000+00:00,1351
2021-09-05T00:00:00.0000000+00:00,1182
2021-09-06T00:00:00.0000000+00:00,5157
2021-09-07T00:00:00.0000000+00:00,5001
2021-09-08T00:00:00.0000000+00:00,3790
2021-09-09T00:00:00.0000000+00:00,4432
2021-09-10T00:00:00.0000000+00:00,3858
2021-09-11T00:00:00.0000000+00:00,2976
2021-09-12T00:00:00.0000000+00:00,1666
2021-09-13T00:00:00.0000000+00:00,4369
2021-09-14T00:00:00.0000000+00:00,6051
2021-09-15T00:00:00.0000000+00:00,4825
2021-09-16T00:00:00.0000000+00:00,6165
2021-09-17T00:00:00.0000000+00:00,5076
2021-09-18T00:00:00.0000000+00:00,2366
2021-09-19T00:00:00.0000000+00:00,1513
2021-09-20T00:00:00.0000000+00:00,3488
2021-09-21T00:00:00.0000000+00:00,3140
2021-09-22T00:00:00.0000000+00:00,3919
2021-09-23T00:00:00.0000000+00:00,5688
2021-09-24T00:00:00.0000000+00:00,4271
2021-09-25T00:00:00.0000000+00:00,1690
2021-09-26T00:00:00.0000000+00:00,2474
2021-09-27T00:00:00.0000000+00:00,4559
2021-09-28T00:00:00.0000000+00:00,5222
2021-09-29T00:00:00.0000000+00:00,4815
2021-09-30T00:00:00.0000000+00:00,4351
2021-10-01T00:00:00.0000000+00:00,5017
2021-10-02T00:00:00.0000000+00:00,1597
2021-10-03T00:00:00.0000000+00:00,1331
2021-10-04T00:00:00.0000000+00:00,3738
2021-10-05T00:00:00.0000000+00:00,4493
2021-10-06T00:00:00.0000000+00:00,4015
2021-10-07T00:00:00.0000000+00:00,4137
2021-10-08T00:00:00.0000000+00:00,4921
2021-10-09T00:00:00.0000000+00:00,2008
2021-10-10T00:00:00.0000000+00:00,1652
2021-10-11T00:00:00.0000000+00:00,4274
2021-10-12T00:00:00.0000000+00:00,6108
2021-10-13T00:00:00.0000000+00:00,5232
2021-10-14T00:00:00.0000000+00:00,5281
2021-10-15T00:00:00.0000000+00:00,3238
2021-10-16T00:00:00.0000000+00:00,2255
2021-10-17T00:00:00.0000000+00:00,1819
2021-10-18T00:00:00.0000000+00:00,3701
2021-10-19T00:00:00.0000000+00:00,5126
2021-10-20T00:00:00.0000000+00:00,4660
2021-10-21T00:00:00.0000000+00:00,4694
2021-10-22T00:00:00.0000000+00:00,4582
2021-10-23T00:00:00.0000000+00:00,2006
2021-10-24T00:00:00.0000000+00:00,1580
2021-10-25T00:00:00.0000000+00:00,3647
2021-10-26T00:00:00.0000000+00:00,5722
2021-10-27T00:00:00.0000000+00:00,4670
2021-10-28T00:00:00.0000000+00:00,4291
2021-10-29T00:00:00.0000000+00:00,4656
2021-10-30T00:00:00.0000000+00:00,1690
2021-10-31T00:00:00.0000000+00:00,1793
2021-11-01T00:00:00.0000000+00:00,4874
2021-11-02T00:00:00.0000000+00:00,4685
2021-11-03T00:00:00.0000000+00:00,5071
2021-11-04T00:00:00.0000000+00:00,5954
2021-11-05T00:00:00.0000000+00:00,3836
2021-11-06T00:00:00.0000000+00:00,2258
2021-11-07T00:00:00.0000000+00:00,2460
2021-11-08T00:00:00.0000000+00:00,5731
2021-11-09T00:00:00.0000000+00:00,6690
2021-11-10T00:00:00.0000000+00:00,5336
2021-11-11T00:00:00.0000000+00:00,6282
2021-11-12T00:00:00.0000000+00:00,4934
2021-11-13T00:00:00.0000000+00:00,2606
2021-11-14T00:00:00.0000000+00:00,2026
2021-11-15T00:00:00.0000000+00:00,4886
2021-11-16T00:00:00.0000000+00:00,5211
2021-11-17T00:00:00.0000000+00:00,5397
2021-11-18T00:00:00.0000000+00:00,4456
2021-11-19T00:00:00.0000000+00:00,4696
2021-11-20T00:00:00.0000000+00:00,2485
2021-11-21T00:00:00.0000000+00:00,2138
2021-11-22T00:00:00.0000000+00:00,5374
2021-11-23T00:00:00.0000000+00:00,5957
2021-11-24T00:00:00.0000000+00:00,4695
2021-11-25T00:00:00.0000000+00:00,4166
2021-11-26T00:00:00.0000000+00:00,4305
2021-11-27T00:00:00.0000000+00:00,2422
2021-11-28T00:00:00.0000000+00:00,3202
2021-11-29T00:00:00.0000000+00:00,4587
2021-11-30T00:00:00.0000000+00:00,5200
2021-12-01T00:00:00.0000000+00:00,4960
2021-12-02T00:00:00.0000000+00:00,4676
2021-12-03T00:00:00.0000000+00:00,4702
2021-12-04T00:00:00.0000000+00:00,2201
2021-12-05T00:00:00.0000000+00:00,2154
2021-12-06T00:00:00.0000000+00:00,4465
2021-12-07T00:00:00.0000000+00:00,5585
2021-12-08T00:00:00.0000000+00:00,5768
2021-12-09T00:00:00.0000000+00:00,4618
2021-12-10T00:00:00.0000000+00:00,5165
2021-12-11T00:00:00.0000000+00:00,1966
2021-12-12T00:00:00.0000000+00:00,2028
2021-12-13T00:00:00.0000000+00:00,5050
2021-12-14T00:00:00.0000000+00:00,6137
2021-12-15T00:00:00.0000000+00:00,4669
2021-12-16T00:00:00.0000000+00:00,6241
2021-12-17T00:00:00.0000000+00:00,1097
